1.47434185307e+12,6.50268215338e+13,6.32443313819e+13,1130059667.14,5.0,0.02206708,0.0212274718284,16715000.0,13.430024888
1.47434185307e+12,6.50268215338e+13,6.32443313819e+13,1130059667.14,5.0,0.02206708,0.0212274718284,16715000.0,13.430024888
1.47434185307e+12,6.50268215338e+13,6.32443313819e+13,1130059667.14,5.0,0.02206708,0.0212274718284,16715000.0,13.430024888
1.47434185307e+12,6.50268215338e+13,6.32443313819e+13,1130059667.14,5.0,0.02206708,0.0212274718284,16715000.0,13.430024888
1.47434185307e+12,6.50268215338e+13,6.32443313819e+13,1130059667.14,5.0,0.02206708,0.0212274718284,16715000.0,13.430024888
1.47434185307e+12,6.50268215338e+13,6.32443313819e+13,1130059667.14,5.0,0.02206708,0.0212274718284,16715000.0,13.430024888
1.47434186451e+12,6.50268215338e+13,6.32443313819e+13,1131233405.02,5.0,0.02206708,0.0212274718284,16715000.0,13.443974
1.47434186451e+12,6.50268215338e+13,6.32443313819e+13,1131233405.02,5.0,0.02206708,0.0212274718284,16715000.0,13.443974
1.47434186451e+12,6.50268215338e+13,6.32443313819e+13,1131233405.02,5.0,0.02206708,0.0212274718284,16715000.0,13.443974
1.47434186451e+12,6.50268215338e+13,6.32443313819e+13,1131233405.02,5.0,0.02206708,0.0212274718284,16715000.0,13.443974
1.47434186451e+12,6.50268215338e+13,6.32443313819e+13,1131233405.02,5.0,0.02206708,0.0212274718284,16715000.0,13.443974
1.47434186451e+12,6.50268215338e+13,6.32443313819e+13,1131233405.02,5.0,0.02206708,0.0212274718284,16715000.0,13.443974
1.47434188139e+12,6.50268215338e+13,6.32443313819e+13,1130436218.81,5.0,0.02206708,0.0212274718284,16715000.0,13.4345
1.47434188139e+12,6.50268215338e+13,6.32443313819e+13,1130436218.81,5.0,0.02206708,0.0212274718284,16715000.0,13.4345
1.47434188139e+12,6.50268215338e+13,6.32443313819e+13,1130436218.81,5.0,0.02206708,0.0212274718284,16715000.0,13.4345
1.47434188139e+12,6.50268215338e+13,6.32443313819e+13,1130436218.81,5.0,0.02206708,0.0212274718284,16715000.0,13.4345
1.47434188139e+12,6.50268215338e+13,6.32443313819e+13,1130436218.81,5.0,0.02206708,0.0212274718284,16715000.0,13.4345
1.47434188139e+12,6.50268215338e+13,6.32443313819e+13,1130436218.81,5.0,0.02206708,0.0212274718284,16715000.0,13.4345
1.47434188139e+12,6.50268215338e+13,6.32443313819e+13,1130436218.81,5.0,0.02206708,0.0212274718284,16715000.0,13.4345
1.4743419011e+12,6.50268215338e+13,6.32443313819e+13,1131231868.71,5.0,0.02206708,0.0212274718284,16715000.0,13.443955742
1.4743419011e+12,6.50268215338e+13,6.32443313819e+13,1131231868.71,5.0,0.02206708,0.0212274718284,16715000.0,13.443955742
1.4743419011e+12,6.50268215338e+13,6.32443313819e+13,1131231868.71,5.0,0.02206708,0.0212274718284,16715000.0,13.443955742
1.4743419011e+12,6.50268215338e+13,6.32443313819e+13,1131231868.71,5.0,0.02206708,0.0212274718284,16715000.0,13.443955742
1.4743419011e+12,6.50268215338e+13,6.32443313819e+13,1131231868.71,5.0,0.02206708,0.0212274718284,16715000.0,13.443955742
1.47434191401e+12,6.50268215338e+13,6.32443313819e+13,1127966865.48,5.0,0.02206708,0.0212274718284,16715000.0,13.4051533
1.47434191401e+12,6.50268215338e+13,6.32443313819e+13,1127966865.48,5.0,0.02206708,0.0212274718284,16715000.0,13.4051533
1.47434191401e+12,6.50268215338e+13,6.32443313819e+13,1127966865.48,5.0,0.02206708,0.0212274718284,16715000.0,13.4051533
1.47434192961e+12,6.50268215338e+13,6.32443313819e+13,1126383574.88,5.0,0.02206708,0.0212274718284,16715000.0,13.38633692
1.47434192961e+12,6.50268215338e+13,6.32443313819e+13,1126383574.88,5.0,0.02206708,0.0212274718284,16715000.0,13.38633692
1.47434192961e+12,6.50268215338e+13,6.32443313819e+13,1126383574.88,5.0,0.02206708,0.0212274718284,16715000.0,13.38633692
1.47434192961e+12,6.50268215338e+13,6.32443313819e+13,1126383574.88,5.0,0.02206708,0.0212274718284,16715000.0,13.38633692
1.47434192961e+12,6.50268215338e+13,6.32443313819e+13,1126383574.88,5.0,0.02206708,0.0212274718284,16715000.0,13.38633692
1.47434192961e+12,6.50268215338e+13,6.32443313819e+13,1126383574.88,5.0,0.02206708,0.0212274718284,16715000.0,13.38633692
1.47434192961e+12,6.50268215338e+13,6.32443313819e+13,1126383574.88,5.0,0.02206708,0.0212274718284,16715000.0,13.38633692
1.47434192961e+12,6.50268215338e+13,6.32443313819e+13,1126383574.88,5.0,0.02206708,0.0212274718284,16715000.0,13.38633692
1.47434192961e+12,6.50268215338e+13,6.32443313819e+13,1126383574.88,5.0,0.02206708,0.0212274718284,16715000.0,13.38633692
1.47434194071e+12,6.50268215338e+13,6.32443313819e+13,1130436218.81,5.0,0.02206708,0.0212274718284,16715000.0,13.4345
1.47434194071e+12,6.50659464492e+13,6.32484009941e+13,1130436218.81,5.0,0.02206708,0.0212274718284,16715000.0,13.4345
1.47434195984e+12,6.50659464492e+13,6.32484009941e+13,1131745507.06,5.0,0.02206708,0.0212274718284,16715000.0,13.45006
1.47434195984e+12,6.50659464492e+13,6.32484009941e+13,1131745507.06,5.0,0.02206708,0.0212274718284,16715000.0,13.45006
1.47434195984e+12,6.50659464492e+13,6.32484009941e+13,1131745507.06,5.0,0.02206708,0.0212274718284,16715000.0,13.45006
1.47434195984e+12,6.50659464492e+13,6.32484009941e+13,1131745507.06,5.0,0.02206708,0.0212274718284,16715000.0,13.45006
1.47434195984e+12,6.50659464492e+13,6.32484009941e+13,1131745507.06,5.0,0.02206708,0.0212274718284,16715000.0,13.45006
1.47434195984e+12,6.50659464492e+13,6.32484009941e+13,1131745507.06,5.0,0.02206708,0.0212274718284,16715000.0,13.45006
1.47434195984e+12,6.50659464492e+13,6.32484009941e+13,1131745507.06,5.0,0.02206708,0.0212274718284,16715000.0,13.45006
1.47434195984e+12,6.50659464492e+13,6.32484009941e+13,1131745507.06,5.0,0.02206708,0.0212274718284,16715000.0,13.45006
1.47434195984e+12,6.50659464492e+13,6.32484009941e+13,1131745507.06,5.0,0.02206708,0.0212274718284,16715000.0,13.45006
1.47434195984e+12,6.50659464492e+13,6.32484009941e+13,1131745507.06,5.0,0.02206708,0.0212274718284,16715000.0,13.45006
1.47434195984e+12,6.50659464492e+13,6.32484009941e+13,1131745507.06,5.0,0.02206708,0.0212274718284,16715000.0,13.45006
1.47434200197e+12,6.50659464492e+13,6.32484009941e+13,1130166957.14,5.0,0.02204201,0.0212293628378,16687900.0,13.4313
1.47434200197e+12,6.50659464492e+13,6.32484009941e+13,1130166957.14,5.0,0.02204201,0.0212293628378,16687900.0,13.4313
1.47434200197e+12,6.50659464492e+13,6.32484009941e+13,1130166957.14,5.0,0.02204201,0.0212293628378,16687900.0,13.4313
1.4743420311e+12,6.50659464492e+13,6.32484009941e+13,1128762461.65,5.0,0.02204201,0.0212293628378,16687900.0,13.4146084436
1.4743420311e+12,6.50659464492e+13,6.32484009941e+13,1128762461.65,5.0,0.02204201,0.0212293628378,16687900.0,13.4146084436
1.4743420311e+12,6.50659464492e+13,6.32484009941e+13,1128762461.65,5.0,0.02204201,0.0212293628378,16687900.0,13.4146084436
1.4743420311e+12,6.50659464492e+13,6.32484009941e+13,1128762461.65,5.0,0.02204201,0.0212293628378,16687900.0,13.4146084436
1.4743420311e+12,6.50659464492e+13,6.32484009941e+13,1128762461.65,5.0,0.02204201,0.0212293628378,16687900.0,13.4146084436
1.4743420311e+12,6.50659464492e+13,6.32484009941e+13,1128762461.65,5.0,0.02204201,0.0212293628378,16687900.0,13.4146084436
1.4743420311e+12,6.50659464492e+13,6.32484009941e+13,1128762461.65,5.0,0.02204201,0.0212293628378,16687900.0,13.4146084436
1.4743420311e+12,6.50659464492e+13,6.32484009941e+13,1128762461.65,5.0,0.02204201,0.0212293628378,16687900.0,13.4146084436
1.47434204676e+12,6.50659464492e+13,6.32484009941e+13,1128762461.65,5.0,0.02204201,0.0212293628378,16687900.0,13.4146084436
1.47434206205e+12,6.50659464492e+13,6.32484009941e+13,1130166957.14,5.0,0.02204201,0.0212293628378,16687900.0,13.4313
1.47434206205e+12,6.50659464492e+13,6.32484009941e+13,1130166957.14,5.0,0.02204201,0.0212293628378,16687900.0,13.4313
1.47434206205e+12,6.50659464492e+13,6.32484009941e+13,1130166957.14,5.0,0.02204201,0.0212293628378,16687900.0,13.4313
1.47434206205e+12,6.50659464492e+13,6.32484009941e+13,1130166957.14,5.0,0.02204201,0.0212293628378,16687900.0,13.4313
1.47434206205e+12,6.50659464492e+13,6.32484009941e+13,1130166957.14,5.0,0.02204201,0.0212293628378,16687900.0,13.4313
1.47434206205e+12,6.50659464492e+13,6.32484009941e+13,1130166957.14,5.0,0.02204201,0.0212293628378,16687900.0,13.4313
1.47434206205e+12,6.50659464492e+13,6.32484009941e+13,1130166957.14,5.0,0.02204201,0.0212293628378,16687900.0,13.4313
1.47434206205e+12,6.50659464492e+13,6.32484009941e+13,1130166957.14,5.0,0.02204201,0.0212293628378,16687900.0,13.4313
1.47434206205e+12,6.50659464492e+13,6.32484009941e+13,1130166957.14,5.0,0.02204201,0.0212293628378,16687900.0,13.4313
1.47434206205e+12,6.50659464492e+13,6.32484009941e+13,1130166957.14,5.0,0.02204201,0.0212293628378,16687900.0,13.4313
1.47434206205e+12,6.50659464492e+13,6.32484009941e+13,1130166957.14,5.0,0.02204201,0.0212293628378,16687900.0,13.4313
1.47434206205e+12,6.50659464492e+13,6.32484009941e+13,1130166957.14,5.0,0.02204201,0.0212293628378,16687900.0,13.4313
1.47434207931e+12,6.50659464492e+13,6.32484009941e+13,1128761949.63,5.0,0.02204201,0.0212293628378,16687900.0,13.4146023586
1.47434209541e+12,6.50659464492e+13,6.32484009941e+13,1128761949.63,5.0,0.02204201,0.0212293628378,16687900.0,13.4146023586
1.47434209541e+12,6.50659464492e+13,6.32484009941e+13,1128761949.63,5.0,0.02204201,0.0212293628378,16687900.0,13.4146023586
1.47434209541e+12,6.50659464492e+13,6.32484009941e+13,1128761949.63,5.0,0.02204201,0.0212293628378,16687900.0,13.4146023586
1.47434209541e+12,6.50659464492e+13,6.32484009941e+13,1128761949.63,5.0,0.02204201,0.0212293628378,16687900.0,13.4146023586
1.47434209541e+12,6.50659464492e+13,6.32484009941e+13,1128761949.63,5.0,0.02204201,0.0212293628378,16687900.0,13.4146023586
1.47434209541e+12,6.50659464492e+13,6.32484009941e+13,1128761949.63,5.0,0.02204201,0.0212293628378,16687900.0,13.4146023586
1.47434209541e+12,6.50659464492e+13,6.32484009941e+13,1128761949.63,5.0,0.02204201,0.0212293628378,16687900.0,13.4146023586
1.47434209541e+12,6.50659464492e+13,6.32484009941e+13,1128761949.63,5.0,0.02204201,0.0212293628378,16687900.0,13.4146023586
1.4743421071e+12,6.50659464492e+13,6.32484009941e+13,1127816257.24,5.0,0.02204201,0.0212293628378,16687900.0,13.403363419
1.4743421071e+12,6.50659464492e+13,6.32484009941e+13,1127816257.24,5.0,0.02204201,0.0212293628378,16687900.0,13.403363419
1.4743421071e+12,6.50659464492e+13,6.32484009941e+13,1127816257.24,5.0,0.02204201,0.0212293628378,16687900.0,13.403363419
1.4743421071e+12,6.50659464492e+13,6.32484009941e+13,1127816257.24,5.0,0.02204201,0.0212293628378,16687900.0,13.403363419
1.4743421221e+12,6.50659464492e+13,6.32484009941e+13,1130166957.14,5.0,0.02204201,0.0212293628378,16687900.0,13.4313
1.4743421221e+12,6.50659464492e+13,6.32484009941e+13,1130166957.14,5.0,0.02204201,0.0212293628378,16687900.0,13.4313
1.4743421221e+12,6.50659464492e+13,6.32484009941e+13,1130166957.14,5.0,0.02204201,0.0212293628378,16687900.0,13.4313
1.4743421221e+12,6.50659464492e+13,6.32484009941e+13,1130166957.14,5.0,0.02204201,0.0212293628378,16687900.0,13.4313
1.4743421221e+12,6.50659464492e+13,6.32484009941e+13,1130166957.14,5.0,0.02204201,0.0212293628378,16687900.0,13.4313
1.47434213954e+12,6.50659464492e+13,6.32484009941e+13,1132318408.4,5.0,0.02204201,0.0212293628378,16687900.0,13.4568685602
1.47434213954e+12,6.50659464492e+13,6.32484009941e+13,1132318408.4,5.0,0.02204201,0.0212293628378,16687900.0,13.4568685602
1.47434213954e+12,6.50659464492e+13,6.32484009941e+13,1132318408.4,5.0,0.02204201,0.0212293628378,16687900.0,13.4568685602
1.47434213954e+12,6.50659464492e+13,6.32484009941e+13,1132318408.4,5.0,0.02204201,0.0212293628378,16687900.0,13.4568685602
1.47434213954e+12,6.50659464492e+13,6.32484009941e+13,1132318408.4,5.0,0.02204201,0.0212293628378,16687900.0,13.4568685602
1.47434213954e+12,6.51065401672e+13,6.32525411888e+13,1132318408.4,5.0,0.02204201,0.0212293628378,16687900.0,13.4568685602
1.47434213954e+12,6.51065401672e+13,6.32525411888e+13,1132318408.4,5.0,0.02204201,0.0212293628378,16687900.0,13.4568685602
1.47434215295e+12,6.51065401672e+13,6.32525411888e+13,1132531406.79,5.0,0.02204201,0.0212293628378,16687900.0,13.4593999077
1.47434217041e+12,6.51065401672e+13,6.32525411888e+13,1132531406.79,5.0,0.02204201,0.0212293628378,16687900.0,13.4593999077
1.47434217041e+12,6.51065401672e+13,6.32525411888e+13,1132531406.79,5.0,0.02204201,0.0212293628378,16687900.0,13.4593999077
1.47434217041e+12,6.51065401672e+13,6.32525411888e+13,1132531406.79,5.0,0.022047,0.0212311890112,16687900.0,13.4593999077
1.47434217041e+12,6.51065401672e+13,6.32525411888e+13,1132531406.79,5.0,0.022047,0.0212311890112,16687900.0,13.4593999077
1.47434217041e+12,6.51065401672e+13,6.32525411888e+13,1132531406.79,5.0,0.022047,0.0212311890112,16687900.0,13.4593999077
1.47434217041e+12,6.51065401672e+13,6.32525411888e+13,1132531406.79,5.0,0.022047,0.0212311890112,16687900.0,13.4593999077
1.47434217041e+12,6.51065401672e+13,6.32525411888e+13,1132531406.79,5.0,0.022047,0.0212311890112,16687900.0,13.4593999077
1.47434217041e+12,6.51065401672e+13,6.32525411888e+13,1132531406.79,5.0,0.022047,0.0212311890112,16687900.0,13.4593999077
1.47434217041e+12,6.51065401672e+13,6.32525411888e+13,1132531406.79,5.0,0.022047,0.0212311890112,16687900.0,13.4593999077
1.47434217041e+12,6.51065401672e+13,6.32525411888e+13,1132531406.79,5.0,0.022047,0.0212311890112,16687900.0,13.4593999077
1.47434218198e+12,6.51065401672e+13,6.32525411888e+13,1130166957.14,5.0,0.022047,0.0212311890112,16687900.0,13.4313
1.47434218198e+12,6.51065401672e+13,6.32525411888e+13,1130166957.14,5.0,0.022047,0.0212311890112,16687900.0,13.4313
1.47434218198e+12,6.51065401672e+13,6.32525411888e+13,1130166957.14,5.0,0.022047,0.0212311890112,16687900.0,13.4313
1.47434220123e+12,6.51065401672e+13,6.32525411888e+13,1134859045.38,5.0,0.022047,0.0212311890112,16687900.0,13.48706238
1.47434220123e+12,6.51065401672e+13,6.32525411888e+13,1134859045.38,5.0,0.022047,0.0212311890112,16687900.0,13.48706238
1.47434220123e+12,6.51065401672e+13,6.32525411888e+13,1134859045.38,5.0,0.022047,0.0212311890112,16687900.0,13.48706238
1.47434220123e+12,6.51065401672e+13,6.32525411888e+13,1134859045.38,5.0,0.022047,0.0212311890112,16687900.0,13.48706238
1.47434220123e+12,6.51065401672e+13,6.32525411888e+13,1134859045.38,5.0,0.022047,0.0212311890112,16687900.0,13.48706238
1.47434220123e+12,6.51065401672e+13,6.32525411888e+13,1134859045.38,5.0,0.022047,0.0212311890112,16687900.0,13.48706238
1.47434220123e+12,6.51065401672e+13,6.32525411888e+13,1134859045.38,5.0,0.022047,0.0212311890112,16687900.0,13.48706238
1.47434220123e+12,6.51065401672e+13,6.32525411888e+13,1134859045.38,5.0,0.022047,0.0212311890112,16687900.0,13.48706238
1.47434220123e+12,6.51065401672e+13,6.32525411888e+13,1134859045.38,5.0,0.022047,0.0212311890112,16687900.0,13.48706238
1.47434221624e+12,6.51065401672e+13,6.32525411888e+13,1131290185.57,5.0,0.022047,0.0212311890112,16687900.0,13.4446488
1.47434221624e+12,6.51065401672e+13,6.32525411888e+13,1131290185.57,5.0,0.022047,0.0212311890112,16687900.0,13.4446488
1.47434221624e+12,6.51065401672e+13,6.32525411888e+13,1131290185.57,5.0,0.022047,0.0212311890112,16687900.0,13.4446488
1.47434223112e+12,6.51065401672e+13,6.32525411888e+13,1135895165.97,5.0,0.022047,0.0212311890112,16687900.0,13.499376
1.47434223112e+12,6.51065401672e+13,6.32525411888e+13,1135895165.97,5.0,0.022047,0.0212311890112,16687900.0,13.499376
1.47434223112e+12,6.51065401672e+13,6.32525411888e+13,1135895165.97,5.0,0.022047,0.0212311890112,16687900.0,13.499376
1.47434223112e+12,6.51065401672e+13,6.32525411888e+13,1135895165.97,5.0,0.022047,0.0212311890112,16687900.0,13.499376
1.47434224133e+12,6.51065401672e+13,6.32525411888e+13,1130166957.14,5.0,0.022047,0.0212311890112,16687900.0,13.4313
1.47434224133e+12,6.51065401672e+13,6.32525411888e+13,1130166957.14,5.0,0.022047,0.0212311890112,16687900.0,13.4313
1.47434224133e+12,6.51065401672e+13,6.32525411888e+13,1130166957.14,5.0,0.022047,0.0212311890112,16687900.0,13.4313
1.47434224133e+12,6.51065401672e+13,6.32525411888e+13,1130166957.14,5.0,0.022047,0.0212311890112,16687900.0,13.4313
1.47434224133e+12,6.51065401672e+13,6.32525411888e+13,1130166957.14,5.0,0.022047,0.0212311890112,16687900.0,13.4313
1.47434224133e+12,6.51065401672e+13,6.32525411888e+13,1130166957.14,5.0,0.022047,0.0212311890112,16687900.0,13.4313
1.47434224133e+12,6.51065401672e+13,6.32525411888e+13,1130166957.14,5.0,0.022047,0.0212311890112,16687900.0,13.4313
1.47434224133e+12,6.51065401672e+13,6.32525411888e+13,1130166957.14,5.0,0.022047,0.0212311890112,16687900.0,13.4313
1.47434226152e+12,6.51065401672e+13,6.32525411888e+13,1136674123.16,5.0,0.022047,0.0212311890112,16687900.0,13.5086334
1.47434227627e+12,6.51065401672e+13,6.32525411888e+13,1137181530.39,5.0,0.022047,0.0212311890112,16687900.0,13.5146636053
1.47434227627e+12,6.51065401672e+13,6.32525411888e+13,1137181530.39,5.0,0.022047,0.0212311890112,16687900.0,13.5146636053
1.47434227627e+12,6.51065401672e+13,6.32525411888e+13,1137181530.39,5.0,0.022047,0.0212311890112,16687900.0,13.5146636053
1.47434227627e+12,6.51065401672e+13,6.32525411888e+13,1137181530.39,5.0,0.022047,0.0212311890112,16687900.0,13.5146636053
1.47434227627e+12,6.51065401672e+13,6.32525411888e+13,1137181530.39,5.0,0.022047,0.0212311890112,16687900.0,13.5146636053
1.47434227627e+12,6.51065401672e+13,6.32525411888e+13,1137181530.39,5.0,0.022047,0.0212311890112,16687900.0,13.5146636053
1.47434227627e+12,6.51065401672e+13,6.32525411888e+13,1137181530.39,5.0,0.022047,0.0212311890112,16687900.0,13.5146636053
1.47434227627e+12,6.51065401672e+13,6.32525411888e+13,1137181530.39,5.0,0.022047,0.0212311890112,16687900.0,13.5146636053
1.47434227627e+12,6.51065401672e+13,6.32525411888e+13,1137181530.39,5.0,0.022047,0.0212311890112,16687900.0,13.5146636053
1.47434227627e+12,6.51065401672e+13,6.32525411888e+13,1137181530.39,5.0,0.022047,0.0212311890112,16687900.0,13.5146636053
1.47434228961e+12,6.51065401672e+13,6.32525411888e+13,1135036185.99,5.0,0.022047,0.0212311890112,16687900.0,13.489167581
1.47434228961e+12,6.51065401672e+13,6.32525411888e+13,1135036185.99,5.0,0.022047,0.0212311890112,16687900.0,13.489167581
1.47434230075e+12,6.51065401672e+13,6.32525411888e+13,1130049155.16,5.0,0.022047,0.0212311890112,16700700.0,13.4299
1.47434230075e+12,6.51065401672e+13,6.32525411888e+13,1130049155.16,5.0,0.022047,0.0212311890112,16700700.0,13.4299
1.47434230075e+12,6.51065401672e+13,6.32525411888e+13,1130049155.16,5.0,0.022047,0.0212311890112,16700700.0,13.4299
1.47434230075e+12,6.51065401672e+13,6.32525411888e+13,1130049155.16,5.0,0.022047,0.0212311890112,16700700.0,13.4299
1.47434230075e+12,6.51065401672e+13,6.32525411888e+13,1130049155.16,5.0,0.022047,0.0212311890112,16700700.0,13.4299
1.47434230075e+12,6.51065401672e+13,6.32525411888e+13,1130049155.16,5.0,0.022047,0.0212311890112,16700700.0,13.4299
1.47434230075e+12,6.51065401672e+13,6.32525411888e+13,1130049155.16,5.0,0.022047,0.0212311890112,16700700.0,13.4299
1.47434230075e+12,6.51065401672e+13,6.32525411888e+13,1130049155.16,5.0,0.022047,0.0212311890112,16700700.0,13.4299
1.474342321e+12,6.51065401672e+13,6.32525411888e+13,1136723355.0,5.0,0.022047,0.0212311890112,16700700.0,13.5092184885
1.474342321e+12,6.51419689823e+13,6.32567548228e+13,1136723355.0,5.0,0.022047,0.0212311890112,16700700.0,13.5092184885
1.474342321e+12,6.51419689823e+13,6.32567548228e+13,1136723355.0,5.0,0.022047,0.0212311890112,16700700.0,13.5092184885
1.474342321e+12,6.51419689823e+13,6.32567548228e+13,1136723355.0,5.0,0.022047,0.0212311890112,16700700.0,13.5092184885
1.474342321e+12,6.51419689823e+13,6.32567548228e+13,1136723355.0,5.0,0.022047,0.0212311890112,16700700.0,13.5092184885
1.4743423358e+12,6.51419689823e+13,6.32567548228e+13,1134678271.51,5.0,0.022047,0.0212311890112,16700700.0,13.484914
1.4743423358e+12,6.51419689823e+13,6.32567548228e+13,1134678271.51,5.0,0.022047,0.0212311890112,16700700.0,13.484914
1.4743423358e+12,6.51419689823e+13,6.32567548228e+13,1134678271.51,5.0,0.022047,0.0212311890112,16700700.0,13.484914
1.4743423358e+12,6.51419689823e+13,6.32567548228e+13,1134678271.51,5.0,0.022047,0.0212311890112,16700700.0,13.484914
1.47434235080e+12,6.51419689823e+13,6.32567548228e+13,1134678271.51,5.0,0.022047,0.0212311890112,16700700.0,13.484914
1.47434235080e+12,6.51419689823e+13,6.32567548228e+13,1134678271.51,5.0,0.022047,0.0212311890112,16700700.0,13.484914
1.47434235080e+12,6.51419689823e+13,6.32567548228e+13,1134678271.51,5.0,0.022047,0.0212311890112,16700700.0,13.484914
1.47434235080e+12,6.51419689823e+13,6.32567548228e+13,1134678271.51,5.0,0.022047,0.0212311890112,16700700.0,13.484914
1.47434235080e+12,6.51419689823e+13,6.32567548228e+13,1134678271.51,5.0,0.022047,0.0212311890112,16700700.0,13.484914
1.47434235080e+12,6.51419689823e+13,6.32567548228e+13,1134678271.51,5.0,0.022047,0.0212311890112,16700700.0,13.484914
1.47434235080e+12,6.51419689823e+13,6.32567548228e+13,1134678271.51,5.0,0.022047,0.0212311890112,16700700.0,13.484914
1.47434235080e+12,6.51419689823e+13,6.32567548228e+13,1134678271.51,5.0,0.022047,0.0212311890112,16700700.0,13.484914
1.4743423614e+12,6.51419689823e+13,6.32567548228e+13,1130049155.16,5.0,0.022047,0.0212311890112,16700700.0,13.4299
1.47434237667e+12,6.51419689823e+13,6.32567548228e+13,1133501606.05,5.0,0.02213702,0.0212330181839,16700700.0,13.4709300955
1.47434237667e+12,6.51419689823e+13,6.32567548228e+13,1133501606.05,5.0,0.02213702,0.0212330181839,16700700.0,13.4709300955
1.47434237667e+12,6.51419689823e+13,6.32567548228e+13,1133501606.05,5.0,0.02213702,0.0212330181839,16700700.0,13.4709300955
1.47434237667e+12,6.51419689823e+13,6.32567548228e+13,1133501606.05,5.0,0.02213702,0.0212330181839,16700700.0,13.4709300955
1.47434237667e+12,6.51419689823e+13,6.32567548228e+13,1133501606.05,5.0,0.02213702,0.0212330181839,16700700.0,13.4709300955
1.47434237667e+12,6.51419689823e+13,6.32567548228e+13,1133501606.05,5.0,0.02213702,0.0212330181839,16700700.0,13.4709300955
1.47434237667e+12,6.51419689823e+13,6.32567548228e+13,1133501606.05,5.0,0.02213702,0.0212330181839,16700700.0,13.4709300955
1.47434237667e+12,6.51419689823e+13,6.32567548228e+13,1133501606.05,5.0,0.02213702,0.0212330181839,16700700.0,13.4709300955
1.47434237667e+12,6.51419689823e+13,6.32567548228e+13,1133501606.05,5.0,0.02213702,0.0212330181839,16700700.0,13.4709300955
1.47434237667e+12,6.51419689823e+13,6.32567548228e+13,1133501606.05,5.0,0.02213702,0.0212330181839,16700700.0,13.4709300955
1.47434237667e+12,6.51419689823e+13,6.32567548228e+13,1133501606.05,5.0,0.02213702,0.0212330181839,16700700.0,13.4709300955
1.47434237667e+12,6.51419689823e+13,6.32567548228e+13,1133501606.05,5.0,0.02213702,0.0212330181839,16700700.0,13.4709300955
1.47434240996e+12,6.51419689823e+13,6.32567548228e+13,1132709993.86,5.0,0.02213702,0.0212330181839,16700700.0,13.461522299
1.47434240996e+12,6.51419689823e+13,6.32567548228e+13,1132709993.86,5.0,0.02213702,0.0212330181839,16700700.0,13.461522299
1.47434240996e+12,6.51419689823e+13,6.32567548228e+13,1132709993.86,5.0,0.02213702,0.0212330181839,16700700.0,13.461522299
1.47434240996e+12,6.51419689823e+13,6.32567548228e+13,1132709993.86,5.0,0.02213702,0.0212330181839,16700700.0,13.461522299
1.47434240996e+12,6.51419689823e+13,6.32567548228e+13,1132709993.86,5.0,0.02213702,0.0212330181839,16700700.0,13.461522299
1.47434240996e+12,6.51419689823e+13,6.32567548228e+13,1132709993.86,5.0,0.02213702,0.0212330181839,16700700.0,13.461522299
1.47434240996e+12,6.51419689823e+13,6.32567548228e+13,1132709993.86,5.0,0.02213702,0.0212330181839,16700700.0,13.461522299
1.47434240996e+12,6.51419689823e+13,6.32567548228e+13,1132709993.86,5.0,0.02213702,0.0212330181839,16700700.0,13.461522299
1.47434242135e+12,6.51419689823e+13,6.32567548228e+13,1130049155.16,5.0,0.02213702,0.0212330181839,16700700.0,13.4299
1.47434242135e+12,6.51419689823e+13,6.32567548228e+13,1130049155.16,5.0,0.02213702,0.0212330181839,16700700.0,13.4299
1.47434242135e+12,6.51419689823e+13,6.32567548228e+13,1130049155.16,5.0,0.02213702,0.0212330181839,16700700.0,13.4299
1.47434242135e+12,6.51419689823e+13,6.32567548228e+13,1130049155.16,5.0,0.02213702,0.0212330181839,16700700.0,13.4299
1.4743424399e+12,6.51419689823e+13,6.32567548228e+13,1134243550.46,5.0,0.02213702,0.0212330181839,16700700.0,13.4797476227
1.4743424399e+12,6.51419689823e+13,6.32567548228e+13,1134243550.46,5.0,0.02213702,0.0212330181839,16700700.0,13.4797476227
1.4743424399e+12,6.51419689823e+13,6.32567548228e+13,1134243550.46,5.0,0.02213702,0.0212330181839,16700700.0,13.4797476227
1.4743424399e+12,6.51419689823e+13,6.32567548228e+13,1134243550.46,5.0,0.02213702,0.0212330181839,16700700.0,13.4797476227
1.4743424399e+12,6.51419689823e+13,6.32567548228e+13,1134243550.46,5.0,0.02213702,0.0212330181839,16700700.0,13.4797476227
1.47434245368e+12,6.51419689823e+13,6.32567548228e+13,1134243550.46,5.0,0.02213702,0.0212330181839,16700700.0,13.4797476227
1.47434245368e+12,6.51419689823e+13,6.32567548228e+13,1134243550.46,5.0,0.02213702,0.0212330181839,16700700.0,13.4797476227
1.47434245368e+12,6.51419689823e+13,6.32567548228e+13,1134243550.46,5.0,0.02213702,0.0212330181839,16700700.0,13.4797476227
1.47434245368e+12,6.51419689823e+13,6.32567548228e+13,1134243550.46,5.0,0.02213702,0.0212330181839,16700700.0,13.4797476227
1.47434245368e+12,6.51419689823e+13,6.32567548228e+13,1134243550.46,5.0,0.02213702,0.0212330181839,16700700.0,13.4797476227
1.47434245368e+12,6.51419689823e+13,6.32567548228e+13,1134243550.46,5.0,0.02213702,0.0212330181839,16700700.0,13.4797476227
1.47434245368e+12,6.51419689823e+13,6.32567548228e+13,1134243550.46,5.0,0.02213702,0.0212330181839,16700700.0,13.4797476227
1.47434245368e+12,6.51419689823e+13,6.32567548228e+13,1134243550.46,5.0,0.02213702,0.0212330181839,16700700.0,13.4797476227
1.4743424701e+12,6.51419689823e+13,6.32567548228e+13,1132783727.47,5.0,0.02213702,0.0212330181839,16700700.0,13.462398575
1.47434248054e+12,6.51419689823e+13,6.32567548228e+13,1130049155.16,5.0,0.02213702,0.0212330181839,16700700.0,13.4299
1.47434248054e+12,6.51419689823e+13,6.32567548228e+13,1130049155.16,5.0,0.02213702,0.0212330181839,16700700.0,13.4299
1.47434248054e+12,6.51419689823e+13,6.32567548228e+13,1130049155.16,5.0,0.02213702,0.0212330181839,16700700.0,13.4299
1.47434248054e+12,6.51419689823e+13,6.32567548228e+13,1130049155.16,5.0,0.02213702,0.0212330181839,16700700.0,13.4299
1.47434248054e+12,6.51698845642e+13,6.32610296849e+13,1130049155.16,5.0,0.02213702,0.0212330181839,16700700.0,13.4299
1.47434248054e+12,6.51698845642e+13,6.32610296849e+13,1130049155.16,5.0,0.02213702,0.0212330181839,16700700.0,13.4299
1.47434248054e+12,6.51698845642e+13,6.32610296849e+13,1130049155.16,5.0,0.02213702,0.0212330181839,16700700.0,13.4299
1.47434248054e+12,6.51698845642e+13,6.32610296849e+13,1130049155.16,5.0,0.02213702,0.0212330181839,16700700.0,13.4299
1.47434248054e+12,6.51698845642e+13,6.32610296849e+13,1130049155.16,5.0,0.02213702,0.0212330181839,16700700.0,13.4299
1.47434249618e+12,6.51698845642e+13,6.32610296849e+13,1132709993.86,5.0,0.02213702,0.0212330181839,16700700.0,13.461522299
1.47434249618e+12,6.51698845642e+13,6.32610296849e+13,1132709993.86,5.0,0.02213702,0.0212330181839,16700700.0,13.461522299
1.47434249618e+12,6.51698845642e+13,6.32610296849e+13,1132709993.86,5.0,0.02213702,0.0212330181839,16700700.0,13.461522299
1.47434251406e+12,6.51698845642e+13,6.32610296849e+13,1132709993.86,5.0,0.02213702,0.0212330181839,16700700.0,13.461522299
1.47434251406e+12,6.51698845642e+13,6.32610296849e+13,1132709993.86,5.0,0.02213702,0.0212330181839,16700700.0,13.461522299
1.47434251406e+12,6.51698845642e+13,6.32610296849e+13,1132709993.86,5.0,0.02213702,0.0212330181839,16700700.0,13.461522299
1.47434251406e+12,6.51698845642e+13,6.32610296849e+13,1132709993.86,5.0,0.022123,0.0212350405593,16700700.0,13.461522299
1.47434251406e+12,6.51698845642e+13,6.32610296849e+13,1132709993.86,5.0,0.022123,0.0212350405593,16700700.0,13.461522299
1.47434251406e+12,6.51698845642e+13,6.32610296849e+13,1132709993.86,5.0,0.022123,0.0212350405593,16700700.0,13.461522299
1.47434253027e+12,6.51698845642e+13,6.32610296849e+13,1134677759.47,5.0,0.022123,0.0212350405593,16700700.0,13.4849079147
1.47434253027e+12,6.51698845642e+13,6.32610296849e+13,1134677759.47,5.0,0.022123,0.0212350405593,16700700.0,13.4849079147
1.47434253027e+12,6.51698845642e+13,6.32610296849e+13,1134677759.47,5.0,0.022123,0.0212350405593,16700700.0,13.4849079147
1.47434253027e+12,6.51698845642e+13,6.32610296849e+13,1134677759.47,5.0,0.022123,0.0212350405593,16700700.0,13.4849079147
1.47434253027e+12,6.51698845642e+13,6.32610296849e+13,1134677759.47,5.0,0.022123,0.0212350405593,16700700.0,13.4849079147
1.47434253027e+12,6.51698845642e+13,6.32610296849e+13,1134677759.47,5.0,0.022123,0.0212350405593,16700700.0,13.4849079147
1.47434254178e+12,6.51698845642e+13,6.32610296849e+13,1130049155.16,5.0,0.022123,0.0212350405593,16700700.0,13.4299
1.47434254178e+12,6.51698845642e+13,6.32610296849e+13,1130049155.16,5.0,0.022123,0.0212350405593,16700700.0,13.4299
1.47434254178e+12,6.51698845642e+13,6.32610296849e+13,1130049155.16,5.0,0.022123,0.0212350405593,16700700.0,13.4299
1.47434254178e+12,6.51698845642e+13,6.32610296849e+13,1130049155.16,5.0,0.022123,0.0212350405593,16700700.0,13.4299
1.47434254178e+12,6.51698845642e+13,6.32610296849e+13,1130049155.16,5.0,0.022123,0.0212350405593,16700700.0,13.4299
1.47434256107e+12,6.51698845642e+13,6.32610296849e+13,1131427848.38,5.0,0.022123,0.0212350405593,16700700.0,13.446284833
1.47434256107e+12,6.51698845642e+13,6.32610296849e+13,1131427848.38,5.0,0.022123,0.0212350405593,16700700.0,13.446284833
1.47434256107e+12,6.51698845642e+13,6.32610296849e+13,1131427848.38,5.0,0.022123,0.0212350405593,16700700.0,13.446284833
1.47434256107e+12,6.51698845642e+13,6.32610296849e+13,1131427848.38,5.0,0.022123,0.0212350405593,16700700.0,13.446284833
1.47434256107e+12,6.51698845642e+13,6.32610296849e+13,1131427848.38,5.0,0.022123,0.0212350405593,16700700.0,13.446284833
1.47434256107e+12,6.51698845642e+13,6.32610296849e+13,1131427848.38,5.0,0.022123,0.0212350405593,16700700.0,13.446284833
1.47434256107e+12,6.51698845642e+13,6.32610296849e+13,1131427848.38,5.0,0.022123,0.0212350405593,16700700.0,13.446284833
1.47434256107e+12,6.51698845642e+13,6.32610296849e+13,1131427848.38,5.0,0.022123,0.0212350405593,16700700.0,13.446284833
1.47434257649e+12,6.51698845642e+13,6.32610296849e+13,1131427848.38,5.0,0.022123,0.0212350405593,16700700.0,13.446284833
1.47434259073e+12,6.51698845642e+13,6.32610296849e+13,1127637736.21,5.0,0.022123,0.0212350405593,16700700.0,13.4012418125
1.47434259073e+12,6.51698845642e+13,6.32610296849e+13,1127637736.21,5.0,0.022123,0.0212350405593,16700700.0,13.4012418125
1.47434259073e+12,6.51698845642e+13,6.32610296849e+13,1127637736.21,5.0,0.022123,0.0212350405593,16700700.0,13.4012418125
1.47434259073e+12,6.51698845642e+13,6.32610296849e+13,1127637736.21,5.0,0.022123,0.0212350405593,16700700.0,13.4012418125
1.47434259073e+12,6.51698845642e+13,6.32610296849e+13,1127637736.21,5.0,0.022123,0.0212350405593,16700700.0,13.4012418125
1.47434259073e+12,6.51698845642e+13,6.32610296849e+13,1127637736.21,5.0,0.022123,0.0212350405593,16700700.0,13.4012418125
1.47434259073e+12,6.51698845642e+13,6.32610296849e+13,1127637736.21,5.0,0.022123,0.0212350405593,16700700.0,13.4012418125
1.47434259073e+12,6.51698845642e+13,6.32610296849e+13,1127637736.21,5.0,0.022123,0.0212350405593,16700700.0,13.4012418125
1.47434259073e+12,6.51698845642e+13,6.32610296849e+13,1127637736.21,5.0,0.022123,0.0212350405593,16700700.0,13.4012418125
1.47434259073e+12,6.51698845642e+13,6.32610296849e+13,1127637736.21,5.0,0.022123,0.0212350405593,16700700.0,13.4012418125
1.47434259073e+12,6.51698845642e+13,6.32610296849e+13,1127637736.21,5.0,0.022123,0.0212350405593,16700700.0,13.4012418125
1.47434260127e+12,6.51698845642e+13,6.32610296849e+13,1132278978.36,5.0,0.022123,0.0212350405593,16947800.0,13.4564
1.47434261786e+12,6.51698845642e+13,6.32610296849e+13,1127498756.17,5.0,0.022123,0.0212350405593,16947800.0,13.399590125
1.47434261786e+12,6.51698845642e+13,6.32610296849e+13,1127498756.17,5.0,0.022123,0.0212350405593,16947800.0,13.399590125
1.47434261786e+12,6.51698845642e+13,6.32610296849e+13,1127498756.17,5.0,0.022123,0.0212350405593,16947800.0,13.399590125
1.47434261786e+12,6.51698845642e+13,6.32610296849e+13,1127498756.17,5.0,0.022123,0.0212350405593,16947800.0,13.399590125
1.47434261786e+12,6.51698845642e+13,6.32610296849e+13,1127498756.17,5.0,0.022123,0.0212350405593,16947800.0,13.399590125
1.47434261786e+12,6.51698845642e+13,6.32610296849e+13,1127498756.17,5.0,0.022123,0.0212350405593,16947800.0,13.399590125
1.47434261786e+12,6.51698845642e+13,6.32610296849e+13,1127498756.17,5.0,0.022123,0.0212350405593,16947800.0,13.399590125
1.47434261786e+12,6.51698845642e+13,6.32610296849e+13,1127498756.17,5.0,0.022123,0.0212350405593,16947800.0,13.399590125
1.47434263566e+12,6.51698845642e+13,6.32610296849e+13,1126590753.22,5.0,0.022123,0.0212350405593,16947800.0,13.3887991
1.47434263566e+12,6.51698845642e+13,6.32610296849e+13,1126590753.22,5.0,0.022123,0.0212350405593,16947800.0,13.3887991
1.47434263566e+12,6.51698845642e+13,6.32610296849e+13,1126590753.22,5.0,0.022123,0.0212350405593,16947800.0,13.3887991
1.47434263566e+12,6.51698845642e+13,6.32610296849e+13,1126590753.22,5.0,0.022123,0.0212350405593,16947800.0,13.3887991
1.47434265034e+12,6.51698845642e+13,6.32610296849e+13,1127669129.12,5.0,0.022123,0.0212350405593,16947800.0,13.4016148968
1.47434265034e+12,6.51698845642e+13,6.32610296849e+13,1127669129.12,5.0,0.022123,0.0212350405593,16947800.0,13.4016148968
1.47434265034e+12,6.51698845642e+13,6.32610296849e+13,1127669129.12,5.0,0.022123,0.0212350405593,16947800.0,13.4016148968
1.47434265034e+12,6.51698845642e+13,6.32610296849e+13,1127669129.12,5.0,0.022123,0.0212350405593,16947800.0,13.4016148968
1.4743426604e+12,6.51698845642e+13,6.32610296849e+13,1132278978.36,5.0,0.022123,0.0212350405593,16947800.0,13.4564
1.4743426604e+12,6.51698845642e+13,6.32610296849e+13,1132278978.36,5.0,0.022123,0.0212350405593,16947800.0,13.4564
1.4743426604e+12,6.51698845642e+13,6.32610296849e+13,1132278978.36,5.0,0.022123,0.0212350405593,16947800.0,13.4564
1.4743426604e+12,6.51698845642e+13,6.32610296849e+13,1132278978.36,5.0,0.022123,0.0212350405593,16947800.0,13.4564
1.4743426604e+12,6.51698845642e+13,6.32610296849e+13,1132278978.36,5.0,0.022123,0.0212350405593,16947800.0,13.4564
1.4743426604e+12,6.51698845642e+13,6.32610296849e+13,1132278978.36,5.0,0.022123,0.0212350405593,16947800.0,13.4564
1.4743426604e+12,6.51698845642e+13,6.32610296849e+13,1132278978.36,5.0,0.022123,0.0212350405593,16947800.0,13.4564
1.4743426604e+12,6.51698845642e+13,6.32610296849e+13,1132278978.36,5.0,0.022123,0.0212350405593,16947800.0,13.4564
1.4743426604e+12,6.51698845642e+13,6.32610296849e+13,1132278978.36,5.0,0.022123,0.0212350405593,16947800.0,13.4564
1.4743426788e+12,6.52067260736e+13,6.32653483611e+13,1127449094.51,5.0,0.022123,0.0212350405593,16947800.0,13.3989999285
1.4743426925e+12,6.52067260736e+13,6.32653483611e+13,1127448582.54,5.0,0.022123,0.0212350405593,16947800.0,13.398993844
1.4743426925e+12,6.52067260736e+13,6.32653483611e+13,1127448582.54,5.0,0.022123,0.0212350405593,16947800.0,13.398993844
1.4743426925e+12,6.52067260736e+13,6.32653483611e+13,1127448582.54,5.0,0.022123,0.0212350405593,16947800.0,13.398993844
1.4743426925e+12,6.52067260736e+13,6.32653483611e+13,1127448582.54,5.0,0.022123,0.0212350405593,16947800.0,13.398993844
1.4743426925e+12,6.52067260736e+13,6.32653483611e+13,1127448582.54,5.0,0.022123,0.0212350405593,16947800.0,13.398993844
1.4743426925e+12,6.52067260736e+13,6.32653483611e+13,1127448582.54,5.0,0.022123,0.0212350405593,16947800.0,13.398993844
1.4743426925e+12,6.52067260736e+13,6.32653483611e+13,1127448582.54,5.0,0.022123,0.0212350405593,16947800.0,13.398993844
1.4743426925e+12,6.52067260736e+13,6.32653483611e+13,1127448582.54,5.0,0.022123,0.0212350405593,16947800.0,13.398993844
1.4743426925e+12,6.52067260736e+13,6.32653483611e+13,1127448582.54,5.0,0.022123,0.0212350405593,16947800.0,13.398993844
1.4743426925e+12,6.52067260736e+13,6.32653483611e+13,1127448582.54,5.0,0.022123,0.0212350405593,16947800.0,13.398993844
1.4743426925e+12,6.52067260736e+13,6.32653483611e+13,1127448582.54,5.0,0.02200404,0.0212370226116,16947800.0,13.398993844
1.47434271032e+12,6.52067260736e+13,6.32653483611e+13,1127448582.54,5.0,0.02200404,0.0212370226116,16947800.0,13.398993844
1.47434272155e+12,6.52067260736e+13,6.32653483611e+13,1132278978.36,5.0,0.02200404,0.0212370226116,16947800.0,13.4564
1.47434272155e+12,6.52067260736e+13,6.32653483611e+13,1132278978.36,5.0,0.02200404,0.0212370226116,16947800.0,13.4564
1.47434272155e+12,6.52067260736e+13,6.32653483611e+13,1132278978.36,5.0,0.02200404,0.0212370226116,16947800.0,13.4564
1.47434272155e+12,6.52067260736e+13,6.32653483611e+13,1132278978.36,5.0,0.02200404,0.0212370226116,16947800.0,13.4564
1.47434272155e+12,6.52067260736e+13,6.32653483611e+13,1132278978.36,5.0,0.02200404,0.0212370226116,16947800.0,13.4564
1.47434272155e+12,6.52067260736e+13,6.32653483611e+13,1132278978.36,5.0,0.02200404,0.0212370226116,16947800.0,13.4564
1.47434272155e+12,6.52067260736e+13,6.32653483611e+13,1132278978.36,5.0,0.02200404,0.0212370226116,16947800.0,13.4564
1.47434272155e+12,6.52067260736e+13,6.32653483611e+13,1132278978.36,5.0,0.02200404,0.0212370226116,16947800.0,13.4564
1.47434273776e+12,6.52067260736e+13,6.32653483611e+13,1127448582.54,5.0,0.02200404,0.0212370226116,16947800.0,13.398993844
1.47434273776e+12,6.52067260736e+13,6.32653483611e+13,1127448582.54,5.0,0.02200404,0.0212370226116,16947800.0,13.398993844
1.47434273776e+12,6.52067260736e+13,6.32653483611e+13,1127448582.54,5.0,0.02200404,0.0212370226116,16947800.0,13.398993844
1.47434273776e+12,6.52067260736e+13,6.32653483611e+13,1127448582.54,5.0,0.02200404,0.0212370226116,16947800.0,13.398993844
1.47434275576e+12,6.52067260736e+13,6.32653483611e+13,1128236001.35,5.0,0.02200404,0.0212370226116,16947800.0,13.408351805
1.47434275576e+12,6.52067260736e+13,6.32653483611e+13,1128236001.35,5.0,0.02200404,0.0212370226116,16947800.0,13.408351805
1.47434275576e+12,6.52067260736e+13,6.32653483611e+13,1128236001.35,5.0,0.02200404,0.0212370226116,16947800.0,13.408351805
1.47434275576e+12,6.52067260736e+13,6.32653483611e+13,1128236001.35,5.0,0.02200404,0.0212370226116,16947800.0,13.408351805
1.47434277115e+12,6.52067260736e+13,6.32653483611e+13,1125321322.99,5.0,0.02200404,0.0212370226116,16947800.0,13.3737127465
1.47434277115e+12,6.52067260736e+13,6.32653483611e+13,1125321322.99,5.0,0.02200404,0.0212370226116,16947800.0,13.3737127465
1.47434277115e+12,6.52067260736e+13,6.32653483611e+13,1125321322.99,5.0,0.02200404,0.0212370226116,16947800.0,13.3737127465
1.47434277115e+12,6.52067260736e+13,6.32653483611e+13,1125321322.99,5.0,0.02200404,0.0212370226116,16947800.0,13.3737127465
1.47434277115e+12,6.52067260736e+13,6.32653483611e+13,1125321322.99,5.0,0.02200404,0.0212370226116,16947800.0,13.3737127465
1.47434277115e+12,6.52067260736e+13,6.32653483611e+13,1125321322.99,5.0,0.02200404,0.0212370226116,16947800.0,13.3737127465
1.47434277115e+12,6.52067260736e+13,6.32653483611e+13,1125321322.99,5.0,0.02200404,0.0212370226116,16947800.0,13.3737127465
1.47434277115e+12,6.52067260736e+13,6.32653483611e+13,1125321322.99,5.0,0.02200404,0.0212370226116,16947800.0,13.3737127465
1.47434277115e+12,6.52067260736e+13,6.32653483611e+13,1125321322.99,5.0,0.02200404,0.0212370226116,16947800.0,13.3737127465
1.47434278191e+12,6.52067260736e+13,6.32653483611e+13,1132278978.36,5.0,0.02200404,0.0212370226116,16947800.0,13.4564
1.47434280074e+12,6.52067260736e+13,6.32653483611e+13,1125312619.4,5.0,0.02200404,0.0212370226116,16947800.0,13.37360931
1.47434280074e+12,6.52067260736e+13,6.32653483611e+13,1125312619.4,5.0,0.02200404,0.0212370226116,16947800.0,13.37360931
1.47434280074e+12,6.52067260736e+13,6.32653483611e+13,1125312619.4,5.0,0.02200404,0.0212370226116,16947800.0,13.37360931
1.47434280074e+12,6.52067260736e+13,6.32653483611e+13,1125312619.4,5.0,0.02200404,0.0212370226116,16947800.0,13.37360931
1.47434280074e+12,6.52067260736e+13,6.32653483611e+13,1125312619.4,5.0,0.02200404,0.0212370226116,16947800.0,13.37360931
1.47434280074e+12,6.52067260736e+13,6.32653483611e+13,1125312619.4,5.0,0.02200404,0.0212370226116,16947800.0,13.37360931
1.47434280074e+12,6.52067260736e+13,6.32653483611e+13,1125312619.4,5.0,0.02200404,0.0212370226116,16947800.0,13.37360931
1.47434280074e+12,6.52067260736e+13,6.32653483611e+13,1125312619.4,5.0,0.02200404,0.0212370226116,16947800.0,13.37360931
1.47434280074e+12,6.52067260736e+13,6.32653483611e+13,1125312619.4,5.0,0.02200404,0.0212370226116,16947800.0,13.37360931
1.47434280074e+12,6.52067260736e+13,6.32653483611e+13,1125312619.4,5.0,0.02200404,0.0212370226116,16947800.0,13.37360931
1.47434280074e+12,6.52067260736e+13,6.32653483611e+13,1125312619.4,5.0,0.02200404,0.0212370226116,16947800.0,13.37360931
1.47434281599e+12,6.52067260736e+13,6.32653483611e+13,1117640661.69,5.0,0.02200404,0.0212370226116,16947800.0,13.2824330775
1.47434283144e+12,6.52067260736e+13,6.32653483611e+13,1117636053.91,5.0,0.02200404,0.0212370226116,16947800.0,13.282378317
1.47434283144e+12,6.52067260736e+13,6.32653483611e+13,1117636053.91,5.0,0.02200404,0.0212370226116,16947800.0,13.282378317
1.47434283144e+12,6.52067260736e+13,6.32653483611e+13,1117636053.91,5.0,0.02200404,0.0212370226116,16947800.0,13.282378317
1.47434283144e+12,6.52067260736e+13,6.32653483611e+13,1117636053.91,5.0,0.02200404,0.0212370226116,16947800.0,13.282378317
1.47434283144e+12,6.52067260736e+13,6.32653483611e+13,1117636053.91,5.0,0.02200404,0.0212370226116,16947800.0,13.282378317
1.47434283144e+12,6.52067260736e+13,6.32653483611e+13,1117636053.91,5.0,0.02200404,0.0212370226116,16947800.0,13.282378317
1.47434283144e+12,6.52067260736e+13,6.32653483611e+13,1117636053.91,5.0,0.02200404,0.0212370226116,16947800.0,13.282378317
1.47434283144e+12,6.52067260736e+13,6.32653483611e+13,1117636053.91,5.0,0.02200404,0.0212370226116,16947800.0,13.282378317
1.47434283144e+12,6.52067260736e+13,6.32653483611e+13,1117636053.91,5.0,0.02200404,0.0212370226116,16947800.0,13.282378317
1.47434283144e+12,6.52067260736e+13,6.32653483611e+13,1117636053.91,5.0,0.02200404,0.0212370226116,16947800.0,13.282378317
1.47434284042e+12,6.52067260736e+13,6.32653483611e+13,1132278978.36,5.0,0.02200404,0.0212370226116,16947800.0,13.4564
1.47434284042e+12,6.52067260736e+13,6.32653483611e+13,1132278978.36,5.0,0.02200404,0.0212370226116,16947800.0,13.4564
1.47434284042e+12,6.52067260736e+13,6.32653483611e+13,1132278978.36,5.0,0.02200404,0.0212370226116,16947800.0,13.4564
1.47434286085e+12,6.52333242597e+13,6.32697307035e+13,1117587928.19,5.0,0.02200404,0.0212370226116,16947800.0,13.281806374
1.47434286085e+12,6.52333242597e+13,6.32697307035e+13,1117587928.19,5.0,0.02200404,0.0212370226116,16947800.0,13.281806374
1.47434286085e+12,6.52333242597e+13,6.32697307035e+13,1117587928.19,5.0,0.02200404,0.0212370226116,16947800.0,13.281806374
1.47434286085e+12,6.52333242597e+13,6.32697307035e+13,1117587928.19,5.0,0.02200404,0.0212370226116,16947800.0,13.281806374
1.47434286085e+12,6.52333242597e+13,6.32697307035e+13,1117587928.19,5.0,0.02200404,0.0212370226116,16947800.0,13.281806374
1.47434287606e+12,6.52333242597e+13,6.32697307035e+13,1117588440.16,5.0,0.02200404,0.0212370226116,16947800.0,13.2818124585
1.47434287606e+12,6.52333242597e+13,6.32697307035e+13,1117588440.16,5.0,0.02200404,0.0212370226116,16947800.0,13.2818124585
1.47434287606e+12,6.52333242597e+13,6.32697307035e+13,1117588440.16,5.0,0.02200404,0.0212370226116,16947800.0,13.2818124585
1.47434287606e+12,6.52333242597e+13,6.32697307035e+13,1117588440.16,5.0,0.02200404,0.0212370226116,16947800.0,13.2818124585
1.47434287606e+12,6.52333242597e+13,6.32697307035e+13,1117588440.16,5.0,0.02200404,0.0212370226116,16947800.0,13.2818124585
1.47434287606e+12,6.52333242597e+13,6.32697307035e+13,1117588440.16,5.0,0.02200404,0.0212370226116,16947800.0,13.2818124585
1.47434287606e+12,6.52333242597e+13,6.32697307035e+13,1117588440.16,5.0,0.02200404,0.0212370226116,16947800.0,13.2818124585
1.47434287606e+12,6.52333242597e+13,6.32697307035e+13,1117588440.16,5.0,0.02200404,0.0212370226116,16947800.0,13.2818124585
1.4743428912e+12,6.52333242597e+13,6.32697307035e+13,1114526260.53,5.0,0.02182,0.0212387308909,16947800.0,13.2454204432
1.47434290093e+12,6.52333242597e+13,6.32697307035e+13,1125175327.1,5.0,0.02182,0.0212387308909,17055700.0,13.3719
1.47434290093e+12,6.52333242597e+13,6.32697307035e+13,1125175327.1,5.0,0.02182,0.0212387308909,17055700.0,13.3719
1.47434290093e+12,6.52333242597e+13,6.32697307035e+13,1125175327.1,5.0,0.02182,0.0212387308909,17055700.0,13.3719
1.47434290093e+12,6.52333242597e+13,6.32697307035e+13,1125175327.1,5.0,0.02182,0.0212387308909,17055700.0,13.3719
1.47434290093e+12,6.52333242597e+13,6.32697307035e+13,1125175327.1,5.0,0.02182,0.0212387308909,17055700.0,13.3719
1.47434290093e+12,6.52333242597e+13,6.32697307035e+13,1125175327.1,5.0,0.02182,0.0212387308909,17055700.0,13.3719
1.47434290093e+12,6.52333242597e+13,6.32697307035e+13,1125175327.1,5.0,0.02182,0.0212387308909,17055700.0,13.3719
1.47434290093e+12,6.52333242597e+13,6.32697307035e+13,1125175327.1,5.0,0.02182,0.0212387308909,17055700.0,13.3719
1.47434290093e+12,6.52333242597e+13,6.32697307035e+13,1125175327.1,5.0,0.02182,0.0212387308909,17055700.0,13.3719
1.47434290093e+12,6.52333242597e+13,6.32697307035e+13,1125175327.1,5.0,0.02182,0.0212387308909,17055700.0,13.3719
1.47434292045e+12,6.52333242597e+13,6.32697307035e+13,1117995534.84,5.0,0.02182,0.0212387308909,17055700.0,13.2865733
1.47434292045e+12,6.52333242597e+13,6.32697307035e+13,1117995534.84,5.0,0.02182,0.0212387308909,17055700.0,13.2865733
1.47434293591e+12,6.52333242597e+13,6.32697307035e+13,1116974067.93,5.0,0.02182,0.0212387308909,17055700.0,13.2744339
1.47434293591e+12,6.52333242597e+13,6.32697307035e+13,1116974067.93,5.0,0.02182,0.0212387308909,17055700.0,13.2744339
1.47434293591e+12,6.52333242597e+13,6.32697307035e+13,1116974067.93,5.0,0.02182,0.0212387308909,17055700.0,13.2744339
1.47434293591e+12,6.52333242597e+13,6.32697307035e+13,1116974067.93,5.0,0.02182,0.0212387308909,17055700.0,13.2744339
1.47434296054e+12,6.52333242597e+13,6.32697307035e+13,1125175327.1,5.0,0.02182,0.0212387308909,17055700.0,13.3719
1.47434302056e+12,6.52333242597e+13,6.32697307035e+13,1125175327.1,5.0,0.02182,0.0212387308909,17055700.0,13.3719
1.47434307152e+12,6.52610719017e+13,6.32741532116e+13,1122764129.62,5.0,0.02196144,0.0212400226,17055700.0,13.3432446213
1.47434307152e+12,6.52610719017e+13,6.32741532116e+13,1122764129.62,5.0,0.02196144,0.0212400226,17055700.0,13.3432446213
1.47434307152e+12,6.52610719017e+13,6.32741532116e+13,1122764129.62,5.0,0.02196144,0.0212400226,17055700.0,13.3432446213
1.47434308217e+12,6.52610719017e+13,6.32741532116e+13,1125175327.1,5.0,0.02196144,0.0212400226,17055700.0,13.3719
1.47434308217e+12,6.52610719017e+13,6.32741532116e+13,1125175327.1,5.0,0.02196144,0.0212400226,17055700.0,13.3719
1.47434311378e+12,6.52610719017e+13,6.32741532116e+13,1120079917.33,5.0,0.02196144,0.0212400226,17055700.0,13.3113446876
1.47434311378e+12,6.52610719017e+13,6.32741532116e+13,1120079917.33,5.0,0.02196144,0.0212400226,17055700.0,13.3113446876
1.47434311378e+12,6.52610719017e+13,6.32741532116e+13,1120079917.33,5.0,0.02196144,0.0212400226,17055700.0,13.3113446876
1.47434312524e+12,6.52610719017e+13,6.32741532116e+13,1121102731.6,5.0,0.02196144,0.0212400226,17055700.0,13.3235001
1.47434312524e+12,6.52610719017e+13,6.32741532116e+13,1121102731.6,5.0,0.02196144,0.0212400226,17055700.0,13.3235001
1.47434312524e+12,6.52610719017e+13,6.32741532116e+13,1121102731.6,5.0,0.02196144,0.0212400226,17055700.0,13.3235001
1.47434312524e+12,6.52610719017e+13,6.32741532116e+13,1121102731.6,5.0,0.02196144,0.0212400226,17055700.0,13.3235001
1.47434312524e+12,6.52610719017e+13,6.32741532116e+13,1121102731.6,5.0,0.02196144,0.0212400226,17055700.0,13.3235001
1.47434314214e+12,6.52610719017e+13,6.32741532116e+13,1125175327.1,5.0,0.02196144,0.0212400226,17055700.0,13.3719
1.47434314214e+12,6.52610719017e+13,6.32741532116e+13,1125175327.1,5.0,0.02196144,0.0212400226,17055700.0,13.3719
1.47434314213e+12,6.52610719017e+13,6.32741532116e+13,1125175327.1,5.0,0.02196144,0.0212400226,17055700.0,13.3719
1.47434317284e+12,6.52610719017e+13,6.32741532116e+13,1119767749.72,5.0,0.02196144,0.0212400226,17055700.0,13.3076348
1.47434317284e+12,6.52610719017e+13,6.32741532116e+13,1119767749.72,5.0,0.02196144,0.0212400226,17055700.0,13.3076348
1.47434320053e+12,6.52610719017e+13,6.32741532116e+13,1124981794.15,5.0,0.02196144,0.0212400226,17352100.0,13.3696
1.47434326103e+12,6.52942568032e+13,6.32786181974e+13,1124981794.15,5.0,0.02183501,0.0212416221951,17352100.0,13.3696
1.47434326066e+12,6.52942568032e+13,6.32786181974e+13,1124981794.15,5.0,0.02183501,0.0212416221951,17352100.0,13.3696
1.47434332242e+12,6.52942568032e+13,6.32786181974e+13,1124981794.15,5.0,0.02183501,0.0212416221951,17352100.0,13.3696
1.47434332242e+12,6.52942568032e+13,6.32786181974e+13,1124981794.15,5.0,0.02183501,0.0212416221951,17352100.0,13.3696
1.47434335499e+12,6.52942568032e+13,6.32786181974e+13,1121892324.16,5.0,0.02183501,0.0212416221951,17352100.0,13.33288384
1.47434336824e+12,6.52942568032e+13,6.32786181974e+13,1121125117.68,5.0,0.02183501,0.0212416221951,17352100.0,13.3237661425
1.47434336824e+12,6.52942568032e+13,6.32786181974e+13,1121125117.68,5.0,0.02183501,0.0212416221951,17352100.0,13.3237661425
1.47434336824e+12,6.52942568032e+13,6.32786181974e+13,1121125117.68,5.0,0.02183501,0.0212416221951,17352100.0,13.3237661425
1.47434336824e+12,6.52942568032e+13,6.32786181974e+13,1121125117.68,5.0,0.02183501,0.0212416221951,17352100.0,13.3237661425
1.47434336824e+12,6.52942568032e+13,6.32786181974e+13,1121125117.68,5.0,0.02183501,0.0212416221951,17352100.0,13.3237661425
1.47434336824e+12,6.52942568032e+13,6.32786181974e+13,1121125117.68,5.0,0.02183501,0.0212416221951,17352100.0,13.3237661425
1.47434336824e+12,6.52942568032e+13,6.32786181974e+13,1121125117.68,5.0,0.02183501,0.0212416221951,17352100.0,13.3237661425
1.47434338086e+12,6.52942568032e+13,6.32786181974e+13,1124981794.15,5.0,0.02183501,0.0212416221951,17352100.0,13.3696
1.47434338086e+12,6.52942568032e+13,6.32786181974e+13,1124981794.15,5.0,0.02183501,0.0212416221951,17352100.0,13.3696
1.47434338086e+12,6.52942568032e+13,6.32786181974e+13,1124981794.15,5.0,0.02183501,0.0212416221951,17352100.0,13.3696
1.47434338086e+12,6.52942568032e+13,6.32786181974e+13,1124981794.15,5.0,0.02183501,0.0212416221951,17352100.0,13.3696
1.47434338086e+12,6.52942568032e+13,6.32786181974e+13,1124981794.15,5.0,0.02183501,0.0212416221951,17352100.0,13.3696
1.47434338086e+12,6.52942568032e+13,6.32786181974e+13,1124981794.15,5.0,0.02183501,0.0212416221951,17352100.0,13.3696
1.47434344042e+12,6.53212115862e+13,6.32831375664e+13,1124981794.15,5.0,0.021906,0.021242935,17352100.0,13.3696
1.47434344042e+12,6.53212115862e+13,6.32831375664e+13,1124981794.15,5.0,0.021906,0.021242935,17352100.0,13.3696
1.47434344042e+12,6.53212115862e+13,6.32831375664e+13,1124981794.15,5.0,0.021906,0.021242935,17352100.0,13.3696
1.47434344042e+12,6.53212115862e+13,6.32831375664e+13,1124981794.15,5.0,0.021906,0.021242935,17352100.0,13.3696
1.47434344042e+12,6.53212115862e+13,6.32831375664e+13,1124981794.15,5.0,0.021906,0.021242935,17352100.0,13.3696
1.47434344042e+12,6.53212115862e+13,6.32831375664e+13,1124981794.15,5.0,0.021906,0.021242935,17352100.0,13.3696
1.47434344042e+12,6.53212115862e+13,6.32831375664e+13,1124981794.15,5.0,0.021906,0.021242935,17352100.0,13.3696
1.47434344138e+12,6.53212115862e+13,6.32831375664e+13,1124981794.15,5.0,0.021906,0.021242935,17352100.0,13.3696
1.47434344138e+12,6.53212115862e+13,6.32831375664e+13,1124981794.15,5.0,0.021906,0.021242935,17352100.0,13.3696
1.47434344138e+12,6.53212115862e+13,6.32831375664e+13,1124981794.15,5.0,0.021906,0.021242935,17352100.0,13.3696
1.47434344138e+12,6.53212115862e+13,6.32831375664e+13,1124981794.15,5.0,0.021906,0.021242935,17352100.0,13.3696
1.47434344138e+12,6.53212115862e+13,6.32831375664e+13,1124981794.15,5.0,0.021906,0.021242935,17352100.0,13.3696
1.47434347414e+12,6.53212115862e+13,6.32831375664e+13,1120868699.77,5.0,0.021906,0.021242935,17352100.0,13.3207188
1.47434347414e+12,6.53212115862e+13,6.32831375664e+13,1120868699.77,5.0,0.021906,0.021242935,17352100.0,13.3207188
1.47434347414e+12,6.53212115862e+13,6.32831375664e+13,1120868699.77,5.0,0.021906,0.021242935,17352100.0,13.3207188
1.47434347414e+12,6.53212115862e+13,6.32831375664e+13,1120868699.77,5.0,0.021906,0.021242935,17352100.0,13.3207188
1.47434347414e+12,6.53212115862e+13,6.32831375664e+13,1120868699.77,5.0,0.021906,0.021242935,17352100.0,13.3207188
1.47434349056e+12,6.53212115862e+13,6.32831375664e+13,1120868699.77,5.0,0.021906,0.021242935,17352100.0,13.3207188
1.47434349056e+12,6.53212115862e+13,6.32831375664e+13,1120868699.77,5.0,0.021906,0.021242935,17352100.0,13.3207188
1.47434349056e+12,6.53212115862e+13,6.32831375664e+13,1120868699.77,5.0,0.021906,0.021242935,17352100.0,13.3207188
1.47434349056e+12,6.53212115862e+13,6.32831375664e+13,1120868699.77,5.0,0.021906,0.021242935,17352100.0,13.3207188
1.47434350182e+12,6.53212115862e+13,6.32831375664e+13,1122314405.23,5.0,0.021906,0.021242935,17403200.0,13.3379
1.47434350182e+12,6.53212115862e+13,6.32831375664e+13,1122314405.23,5.0,0.021906,0.021242935,17403200.0,13.3379
1.47434350182e+12,6.53212115862e+13,6.32831375664e+13,1122314405.23,5.0,0.021906,0.021242935,17403200.0,13.3379
1.47434350182e+12,6.53212115862e+13,6.32831375664e+13,1122314405.23,5.0,0.021906,0.021242935,17403200.0,13.3379
1.47434350182e+12,6.53212115862e+13,6.32831375664e+13,1122314405.23,5.0,0.021906,0.021242935,17403200.0,13.3379
1.47434350182e+12,6.53212115862e+13,6.32831375664e+13,1122314405.23,5.0,0.021906,0.021242935,17403200.0,13.3379
1.47434351775e+12,6.53212115862e+13,6.32831375664e+13,1120868699.77,5.0,0.021906,0.021242935,17403200.0,13.3207188
1.47434351775e+12,6.53212115862e+13,6.32831375664e+13,1120868699.77,5.0,0.021906,0.021242935,17403200.0,13.3207188
1.47434351775e+12,6.53212115862e+13,6.32831375664e+13,1120868699.77,5.0,0.021906,0.021242935,17403200.0,13.3207188
1.47434361036e+12,6.53615667105e+13,6.32876970162e+13,1119708017.12,5.0,0.02186501,0.0212443987196,17403200.0,13.306924921
1.47434361036e+12,6.53615667105e+13,6.32876970162e+13,1119708017.12,5.0,0.02186501,0.0212443987196,17403200.0,13.306924921
1.47434361036e+12,6.53615667105e+13,6.32876970162e+13,1119708017.12,5.0,0.02186501,0.0212443987196,17403200.0,13.306924921
1.47434361036e+12,6.53615667105e+13,6.32876970162e+13,1119708017.12,5.0,0.02186501,0.0212443987196,17403200.0,13.306924921
1.47434361036e+12,6.53615667105e+13,6.32876970162e+13,1119708017.12,5.0,0.02186501,0.0212443987196,17403200.0,13.306924921
1.47434361036e+12,6.53615667105e+13,6.32876970162e+13,1119708017.12,5.0,0.02186501,0.0212443987196,17403200.0,13.306924921
1.47434362073e+12,6.53615667105e+13,6.32876970162e+13,1122314405.23,5.0,0.02186501,0.0212443987196,17403200.0,13.3379
1.47434362073e+12,6.53615667105e+13,6.32876970162e+13,1122314405.23,5.0,0.02186501,0.0212443987196,17403200.0,13.3379
1.47434362073e+12,6.53615667105e+13,6.32876970162e+13,1122314405.23,5.0,0.02186501,0.0212443987196,17403200.0,13.3379
1.47434362073e+12,6.53615667105e+13,6.32876970162e+13,1122314405.23,5.0,0.02186501,0.0212443987196,17403200.0,13.3379
1.47434362073e+12,6.53615667105e+13,6.32876970162e+13,1122314405.23,5.0,0.02186501,0.0212443987196,17403200.0,13.3379
1.47434362073e+12,6.53615667105e+13,6.32876970162e+13,1122314405.23,5.0,0.02186501,0.0212443987196,17403200.0,13.3379
1.47434362073e+12,6.53615667105e+13,6.32876970162e+13,1122314405.23,5.0,0.02186501,0.0212443987196,17403200.0,13.3379
1.47434363923e+12,6.53615667105e+13,6.32876970162e+13,1120611258.24,5.0,0.02186501,0.0212443987196,17403200.0,13.3176592924
1.47434363923e+12,6.53615667105e+13,6.32876970162e+13,1120611258.24,5.0,0.02186501,0.0212443987196,17403200.0,13.3176592924
1.47434363923e+12,6.53615667105e+13,6.32876970162e+13,1120611258.24,5.0,0.02186501,0.0212443987196,17403200.0,13.3176592924
1.47434363923e+12,6.53615667105e+13,6.32876970162e+13,1120611258.24,5.0,0.02186501,0.0212443987196,17403200.0,13.3176592924
1.47434363923e+12,6.53615667105e+13,6.32876970162e+13,1120611258.24,5.0,0.02186501,0.0212443987196,17403200.0,13.3176592924
1.47434363923e+12,6.53615667105e+13,6.32876970162e+13,1120611258.24,5.0,0.02186501,0.0212443987196,17403200.0,13.3176592924
1.47434363923e+12,6.53615667105e+13,6.32876970162e+13,1120611258.24,5.0,0.02186501,0.0212443987196,17403200.0,13.3176592924
1.47434363923e+12,6.53615667105e+13,6.32876970162e+13,1120611258.24,5.0,0.02186501,0.0212443987196,17403200.0,13.3176592924
1.47434363923e+12,6.53615667105e+13,6.32876970162e+13,1120611258.24,5.0,0.02186501,0.0212443987196,17403200.0,13.3176592924
1.47434363923e+12,6.53615667105e+13,6.32876970162e+13,1120611258.24,5.0,0.02186501,0.0212443987196,17403200.0,13.3176592924
1.47434363923e+12,6.53615667105e+13,6.32876970162e+13,1120611258.24,5.0,0.02186501,0.0212443987196,17403200.0,13.3176592924
1.47434365156e+12,6.53615667105e+13,6.32876970162e+13,1120611258.24,5.0,0.02186501,0.0212443987196,17403200.0,13.3176592924
1.4743436665e+12,6.53615667105e+13,6.32876970162e+13,1120611770.05,5.0,0.02186501,0.0212443987196,17403200.0,13.317665375
1.4743436665e+12,6.53615667105e+13,6.32876970162e+13,1120611770.05,5.0,0.02186501,0.0212443987196,17403200.0,13.317665375
1.4743436665e+12,6.53615667105e+13,6.32876970162e+13,1120611770.05,5.0,0.02186501,0.0212443987196,17403200.0,13.317665375
1.4743436665e+12,6.53615667105e+13,6.32876970162e+13,1120611770.05,5.0,0.02186501,0.0212443987196,17403200.0,13.317665375
1.4743436665e+12,6.53615667105e+13,6.32876970162e+13,1120611770.05,5.0,0.02186501,0.0212443987196,17403200.0,13.317665375
1.4743436665e+12,6.53615667105e+13,6.32876970162e+13,1120611770.05,5.0,0.02186501,0.0212443987196,17403200.0,13.317665375
1.4743436665e+12,6.53615667105e+13,6.32876970162e+13,1120611770.05,5.0,0.02186501,0.0212443987196,17403200.0,13.317665375
1.47434368115e+12,6.53615667105e+13,6.32876970162e+13,1122314405.23,5.0,0.02186501,0.0212443987196,17403200.0,13.3379
1.47434368115e+12,6.53615667105e+13,6.32876970162e+13,1122314405.23,5.0,0.02186501,0.0212443987196,17403200.0,13.3379
1.47434368115e+12,6.53615667105e+13,6.32876970162e+13,1122314405.23,5.0,0.02186501,0.0212443987196,17403200.0,13.3379
1.47434368115e+12,6.53615667105e+13,6.32876970162e+13,1122314405.23,5.0,0.02186501,0.0212443987196,17403200.0,13.3379
1.47434368115e+12,6.53615667105e+13,6.32876970162e+13,1122314405.23,5.0,0.02186501,0.0212443987196,17403200.0,13.3379
1.47434370108e+12,6.53615667105e+13,6.32876970162e+13,1121892324.16,5.0,0.02186501,0.0212443987196,17403200.0,13.33288384
1.47434370108e+12,6.53615667105e+13,6.32876970162e+13,1121892324.16,5.0,0.02186501,0.0212443987196,17403200.0,13.33288384
1.47434370108e+12,6.53615667105e+13,6.32876970162e+13,1121892324.16,5.0,0.02186501,0.0212443987196,17403200.0,13.33288384
1.47434370108e+12,6.53615667105e+13,6.32876970162e+13,1121892324.16,5.0,0.02186501,0.0212443987196,17403200.0,13.33288384
1.47434370108e+12,6.53615667105e+13,6.32876970162e+13,1121892324.16,5.0,0.02186501,0.0212443987196,17403200.0,13.33288384
1.47434371637e+12,6.53615667105e+13,6.32876970162e+13,1122915436.73,5.0,0.02186501,0.0212443987196,17403200.0,13.3450427975
1.47434371637e+12,6.53615667105e+13,6.32876970162e+13,1122915436.73,5.0,0.02186501,0.0212443987196,17403200.0,13.3450427975
1.47434371637e+12,6.53615667105e+13,6.32876970162e+13,1122915436.73,5.0,0.02186501,0.0212443987196,17403200.0,13.3450427975
1.47434371637e+12,6.53615667105e+13,6.32876970162e+13,1122915436.73,5.0,0.02186501,0.0212443987196,17403200.0,13.3450427975
1.47434371637e+12,6.53615667105e+13,6.32876970162e+13,1122915436.73,5.0,0.02186501,0.0212443987196,17403200.0,13.3450427975
1.47434371637e+12,6.53615667105e+13,6.32876970162e+13,1122915436.73,5.0,0.02186501,0.0212443987196,17403200.0,13.3450427975
1.47434371637e+12,6.53615667105e+13,6.32876970162e+13,1122915436.73,5.0,0.02186501,0.0212443987196,17403200.0,13.3450427975
1.47434371637e+12,6.53615667105e+13,6.32876970162e+13,1122915436.73,5.0,0.02186501,0.0212443987196,17403200.0,13.3450427975
1.47434372903e+12,6.53615667105e+13,6.32876970162e+13,1122148230.25,5.0,0.02186501,0.0212443987196,17403200.0,13.3359251
1.47434374061e+12,6.53615667105e+13,6.32876970162e+13,1122314405.23,5.0,0.02186501,0.0212443987196,17403200.0,13.3379
1.47434374061e+12,6.53615667105e+13,6.32876970162e+13,1122314405.23,5.0,0.02186501,0.0212443987196,17403200.0,13.3379
1.47434374061e+12,6.53963944766e+13,6.32923261896e+13,1122314405.23,5.0,0.02186501,0.0212443987196,17403200.0,13.3379
1.47434374061e+12,6.53963944766e+13,6.32923261896e+13,1122314405.23,5.0,0.02186501,0.0212443987196,17403200.0,13.3379
1.47434374061e+12,6.53963944766e+13,6.32923261896e+13,1122314405.23,5.0,0.02186501,0.0212443987196,17403200.0,13.3379
1.47434374061e+12,6.53963944766e+13,6.32923261896e+13,1122314405.23,5.0,0.02186501,0.0212443987196,17403200.0,13.3379
1.47434374061e+12,6.53963944766e+13,6.32923261896e+13,1122314405.23,5.0,0.02186501,0.0212443987196,17403200.0,13.3379
1.47434374061e+12,6.53963944766e+13,6.32923261896e+13,1122314405.23,5.0,0.02186501,0.0212443987196,17403200.0,13.3379
1.47434374061e+12,6.53963944766e+13,6.32923261896e+13,1122314405.23,5.0,0.02186501,0.0212443987196,17403200.0,13.3379
1.47434374061e+12,6.53963944766e+13,6.32923261896e+13,1122314405.23,5.0,0.02186501,0.0212443987196,17403200.0,13.3379
1.4743437544e+12,6.53963944766e+13,6.32923261896e+13,1123166736.51,5.0,0.02186501,0.0212443987196,17403200.0,13.3480293148
1.4743437544e+12,6.53963944766e+13,6.32923261896e+13,1123166736.51,5.0,0.02186501,0.0212443987196,17403200.0,13.3480293148
1.4743437744e+12,6.53963944766e+13,6.32923261896e+13,1121892324.16,5.0,0.02193999,0.0212457657048,17403200.0,13.33288384
1.4743437744e+12,6.53963944766e+13,6.32923261896e+13,1121892324.16,5.0,0.02193999,0.0212457657048,17403200.0,13.33288384
1.4743437744e+12,6.53963944766e+13,6.32923261896e+13,1121892324.16,5.0,0.02193999,0.0212457657048,17403200.0,13.33288384
1.4743437744e+12,6.53963944766e+13,6.32923261896e+13,1121892324.16,5.0,0.02193999,0.0212457657048,17403200.0,13.33288384
1.4743437744e+12,6.53963944766e+13,6.32923261896e+13,1121892324.16,5.0,0.02193999,0.0212457657048,17403200.0,13.33288384
1.4743437744e+12,6.53963944766e+13,6.32923261896e+13,1121892324.16,5.0,0.02193999,0.0212457657048,17403200.0,13.33288384
1.4743437744e+12,6.53963944766e+13,6.32923261896e+13,1121892324.16,5.0,0.02193999,0.0212457657048,17403200.0,13.33288384
1.4743437744e+12,6.53963944766e+13,6.32923261896e+13,1121892324.16,5.0,0.02193999,0.0212457657048,17403200.0,13.33288384
1.47434379048e+12,6.53963944766e+13,6.32923261896e+13,1121892324.16,5.0,0.02193999,0.0212457657048,17403200.0,13.33288384
1.47434379048e+12,6.53963944766e+13,6.32923261896e+13,1121892324.16,5.0,0.02193999,0.0212457657048,17403200.0,13.33288384
1.47434379048e+12,6.53963944766e+13,6.32923261896e+13,1121892324.16,5.0,0.02193999,0.0212457657048,17403200.0,13.33288384
1.47434379048e+12,6.53963944766e+13,6.32923261896e+13,1121892324.16,5.0,0.02193999,0.0212457657048,17403200.0,13.33288384
1.47434380191e+12,6.53963944766e+13,6.32923261896e+13,1120614681.06,5.0,0.02193999,0.0212457657048,17449700.0,13.3177
1.47434380191e+12,6.53963944766e+13,6.32923261896e+13,1120614681.06,5.0,0.02193999,0.0212457657048,17449700.0,13.3177
1.47434380191e+12,6.53963944766e+13,6.32923261896e+13,1120614681.06,5.0,0.02193999,0.0212457657048,17449700.0,13.3177
1.47434380191e+12,6.53963944766e+13,6.32923261896e+13,1120614681.06,5.0,0.02193999,0.0212457657048,17449700.0,13.3177
1.47434380191e+12,6.53963944766e+13,6.32923261896e+13,1120614681.06,5.0,0.02193999,0.0212457657048,17449700.0,13.3177
1.47434380191e+12,6.53963944766e+13,6.32923261896e+13,1120614681.06,5.0,0.02193999,0.0212457657048,17449700.0,13.3177
1.47434382132e+12,6.53963944766e+13,6.32923261896e+13,1126114553.44,5.0,0.02193999,0.0212457657048,17449700.0,13.383062
1.47434382132e+12,6.53963944766e+13,6.32923261896e+13,1126114553.44,5.0,0.02193999,0.0212457657048,17449700.0,13.383062
1.47434382132e+12,6.53963944766e+13,6.32923261896e+13,1126114553.44,5.0,0.02193999,0.0212457657048,17449700.0,13.383062
1.47434382132e+12,6.53963944766e+13,6.32923261896e+13,1126114553.44,5.0,0.02193999,0.0212457657048,17449700.0,13.383062
1.47434382132e+12,6.53963944766e+13,6.32923261896e+13,1126114553.44,5.0,0.02193999,0.0212457657048,17449700.0,13.383062
1.47434382132e+12,6.53963944766e+13,6.32923261896e+13,1126114553.44,5.0,0.02193999,0.0212457657048,17449700.0,13.383062
1.47434382132e+12,6.53963944766e+13,6.32923261896e+13,1126114553.44,5.0,0.02193999,0.0212457657048,17449700.0,13.383062
