1.47434185369e+12,3786939474.0,3796890995.82,133866498.852,10.5116425966,0.01696,0.0159460051693,8359050.0,10.3486344
1.47434185369e+12,3786939474.0,3796890995.82,133866498.852,10.5116425966,0.01696,0.0159460051693,8359050.0,10.3486344
1.47434185369e+12,3786939474.0,3796890995.82,133866498.852,10.5116425966,0.01696,0.0159460051693,8359050.0,10.3486344
1.47434185369e+12,3786939474.0,3796890995.82,133866498.852,10.5116425966,0.01696,0.0159460051693,8359050.0,10.3486344
1.47434185369e+12,3786939474.0,3796890995.82,133866498.852,10.5116425966,0.01696,0.0159460051693,8359050.0,10.3486344
1.47434185369e+12,3786939474.0,3796890995.82,133866498.852,10.5116425966,0.01696,0.0159460051693,8359050.0,10.3486344
1.4743418698e+12,3786939474.0,3796890995.82,133866498.852,10.5116425966,0.01696,0.0159460051693,8359050.0,10.3486344
1.4743418698e+12,3786939474.0,3796890995.82,133866498.852,10.5116425966,0.01696,0.0159460051693,8359050.0,10.3486344
1.4743418698e+12,3786939474.0,3796890995.82,133866498.852,10.5116425966,0.01696,0.0159460051693,8359050.0,10.3486344
1.4743418698e+12,3786939474.0,3796890995.82,133866498.852,10.5116425966,0.01696,0.0159460051693,8359050.0,10.3486344
1.4743418698e+12,3786939474.0,3796890995.82,133866498.852,10.5116425966,0.01696,0.0159460051693,8359050.0,10.3486344
1.47434188139e+12,3786939474.0,3796890995.82,133559473.809,10.5116425966,0.01696,0.0159460051693,8359050.0,10.3249
1.47434188139e+12,3786939474.0,3796890995.82,133559473.809,10.5116425966,0.01696,0.0159460051693,8359050.0,10.3249
1.47434188139e+12,3786939474.0,3796890995.82,133559473.809,10.5116425966,0.01696,0.0159460051693,8359050.0,10.3249
1.47434188139e+12,3786939474.0,3796890995.82,133559473.809,10.5116425966,0.01696,0.0159460051693,8359050.0,10.3249
1.47434188139e+12,3786939474.0,3796890995.82,133559473.809,10.5116425966,0.01696,0.0159460051693,8359050.0,10.3249
1.47434188139e+12,3786939474.0,3796890995.82,133559473.809,10.5116425966,0.01696,0.0159460051693,8359050.0,10.3249
1.47434188139e+12,3786939474.0,3796890995.82,133559473.809,10.5116425966,0.01696,0.0159460051693,8359050.0,10.3249
1.47434188139e+12,3786939474.0,3796890995.82,133559473.809,10.5116425966,0.01696,0.0159460051693,8359050.0,10.3249
1.47434189935e+12,3786939474.0,3796890995.82,133911609.122,10.5116425966,0.01696,0.0159460051693,8359050.0,10.352121678
1.47434189935e+12,3786939474.0,3796890995.82,133911609.122,10.5116425966,0.01696,0.0159460051693,8359050.0,10.352121678
1.47434189935e+12,3786939474.0,3796890995.82,133911609.122,10.5116425966,0.01696,0.0159460051693,8359050.0,10.352121678
1.47434189935e+12,3786939474.0,3796890995.82,133911609.122,10.5116425966,0.01696,0.0159460051693,8359050.0,10.352121678
1.47434189935e+12,3786939474.0,3796890995.82,133911609.122,10.5116425966,0.01696,0.0159460051693,8359050.0,10.352121678
1.4743419147e+12,3786939474.0,3796890995.82,133985508.151,10.5116425966,0.01696,0.0159460051693,8359050.0,10.3578344892
1.4743419147e+12,3786939474.0,3796890995.82,133985508.151,10.5116425966,0.01696,0.0159460051693,8359050.0,10.3578344892
1.4743419147e+12,3786939474.0,3796890995.82,133985508.151,10.5116425966,0.01696,0.0159460051693,8359050.0,10.3578344892
1.47434192978e+12,3786939474.0,3796890995.82,134106267.171,10.5116425966,0.01696,0.0159460051693,8359050.0,10.3671698416
1.47434192978e+12,3786939474.0,3796890995.82,134106267.171,10.5116425966,0.01696,0.0159460051693,8359050.0,10.3671698416
1.47434192978e+12,3786939474.0,3796890995.82,134106267.171,10.5116425966,0.01696,0.0159460051693,8359050.0,10.3671698416
1.47434192978e+12,3786939474.0,3796890995.82,134106267.171,10.5116425966,0.01696,0.0159460051693,8359050.0,10.3671698416
1.47434192978e+12,3786939474.0,3796890995.82,134106267.171,10.5116425966,0.01696,0.0159460051693,8359050.0,10.3671698416
1.47434192978e+12,3786939474.0,3796890995.82,134106267.171,10.5116425966,0.01696,0.0159460051693,8359050.0,10.3671698416
1.47434192978e+12,3786939474.0,3796890995.82,134106267.171,10.5116425966,0.01696,0.0159460051693,8359050.0,10.3671698416
1.47434192978e+12,3786939474.0,3796890995.82,134106267.171,10.5116425966,0.01696,0.0159460051693,8359050.0,10.3671698416
1.47434192978e+12,3786939474.0,3796890995.82,134106267.171,10.5116425966,0.01696,0.0159460051693,8359050.0,10.3671698416
1.4743419465e+12,3786939474.0,3796890995.82,134622273.016,10.5116425966,0.01696,0.0159460051693,8359050.0,10.40706
1.4743419465e+12,3801878148.0,3796860748.03,134622273.016,10.5116425966,0.01696,0.0159460051693,8359050.0,10.40706
1.47434195984e+12,3801878148.0,3796860748.03,134598655.073,10.5116425966,0.01696,0.0159460051693,8359050.0,10.4052342
1.47434195984e+12,3801878148.0,3796860748.03,134598655.073,10.5116425966,0.01696,0.0159460051693,8359050.0,10.4052342
1.47434195984e+12,3801878148.0,3796860748.03,134598655.073,10.5116425966,0.01696,0.0159460051693,8359050.0,10.4052342
1.47434195984e+12,3801878148.0,3796860748.03,134598655.073,10.5116425966,0.01696,0.0159460051693,8359050.0,10.4052342
1.47434195984e+12,3801878148.0,3796860748.03,134598655.073,10.5116425966,0.01696,0.0159460051693,8359050.0,10.4052342
1.47434195984e+12,3801878148.0,3796860748.03,134598655.073,10.5116425966,0.01696,0.0159460051693,8359050.0,10.4052342
1.47434195984e+12,3801878148.0,3796860748.03,134598655.073,10.5116425966,0.01696,0.0159460051693,8359050.0,10.4052342
1.47434195984e+12,3801878148.0,3796860748.03,134598655.073,10.5116425966,0.01696,0.0159460051693,8359050.0,10.4052342
1.47434195984e+12,3801878148.0,3796860748.03,134598655.073,10.5116425966,0.01696,0.0159460051693,8359050.0,10.4052342
1.47434195984e+12,3801878148.0,3796860748.03,134598655.073,10.5116425966,0.01696,0.0159460051693,8359050.0,10.4052342
1.47434197537e+12,3801878148.0,3796860748.03,134307445.841,10.5116425966,0.01696,0.0159460051693,8359050.0,10.382722086
1.47434200197e+12,3801878148.0,3796860748.03,133855700.595,10.5116425966,0.01706,0.0159482889414,8364420.0,10.3478
1.47434200197e+12,3801878148.0,3796860748.03,133855700.595,10.5116425966,0.01706,0.0159482889414,8364420.0,10.3478
1.47434200197e+12,3801878148.0,3796860748.03,133855700.595,10.5116425966,0.01706,0.0159482889414,8364420.0,10.3478
1.47434203417e+12,3801878148.0,3796860748.03,134414434.804,10.5116425966,0.01706,0.0159482889414,8364420.0,10.3909929355
1.47434203417e+12,3801878148.0,3796860748.03,134414434.804,10.5116425966,0.01706,0.0159482889414,8364420.0,10.3909929355
1.47434203417e+12,3801878148.0,3796860748.03,134414434.804,10.5116425966,0.01706,0.0159482889414,8364420.0,10.3909929355
1.47434203417e+12,3801878148.0,3796860748.03,134414434.804,10.5116425966,0.01706,0.0159482889414,8364420.0,10.3909929355
1.47434203417e+12,3801878148.0,3796860748.03,134414434.804,10.5116425966,0.01706,0.0159482889414,8364420.0,10.3909929355
1.47434203417e+12,3801878148.0,3796860748.03,134414434.804,10.5116425966,0.01706,0.0159482889414,8364420.0,10.3909929355
1.47434203417e+12,3801878148.0,3796860748.03,134414434.804,10.5116425966,0.01706,0.0159482889414,8364420.0,10.3909929355
1.47434203417e+12,3801878148.0,3796860748.03,134414434.804,10.5116425966,0.01706,0.0159482889414,8364420.0,10.3909929355
1.47434204718e+12,3801878148.0,3796860748.03,134284715.53,10.5116425966,0.01706,0.0159482889414,8364420.0,10.380964905
1.47434206205e+12,3801878148.0,3796860748.03,133855700.595,10.5116425966,0.01706,0.0159482889414,8364420.0,10.3478
1.47434206205e+12,3801878148.0,3796860748.03,133855700.595,10.5116425966,0.01706,0.0159482889414,8364420.0,10.3478
1.47434206205e+12,3801878148.0,3796860748.03,133855700.595,10.5116425966,0.01706,0.0159482889414,8364420.0,10.3478
1.47434206205e+12,3801878148.0,3796860748.03,133855700.595,10.5116425966,0.01706,0.0159482889414,8364420.0,10.3478
1.47434206205e+12,3801878148.0,3796860748.03,133855700.595,10.5116425966,0.01706,0.0159482889414,8364420.0,10.3478
1.47434206205e+12,3801878148.0,3796860748.03,133855700.595,10.5116425966,0.01706,0.0159482889414,8364420.0,10.3478
1.47434206205e+12,3801878148.0,3796860748.03,133855700.595,10.5116425966,0.01706,0.0159482889414,8364420.0,10.3478
1.47434206205e+12,3801878148.0,3796860748.03,133855700.595,10.5116425966,0.01706,0.0159482889414,8364420.0,10.3478
1.47434206205e+12,3801878148.0,3796860748.03,133855700.595,10.5116425966,0.01706,0.0159482889414,8364420.0,10.3478
1.47434206205e+12,3801878148.0,3796860748.03,133855700.595,10.5116425966,0.01706,0.0159482889414,8364420.0,10.3478
1.47434206205e+12,3801878148.0,3796860748.03,133855700.595,10.5116425966,0.01706,0.0159482889414,8364420.0,10.3478
1.47434206205e+12,3801878148.0,3796860748.03,133855700.595,10.5116425966,0.01706,0.0159482889414,8364420.0,10.3478
1.47434209523e+12,3801878148.0,3796860748.03,133576218.452,10.5116425966,0.01706,0.0159482889414,8364420.0,10.32619409
1.47434209523e+12,3801878148.0,3796860748.03,133576218.452,10.5116425966,0.01706,0.0159482889414,8364420.0,10.32619409
1.47434209523e+12,3801878148.0,3796860748.03,133576218.452,10.5116425966,0.01706,0.0159482889414,8364420.0,10.32619409
1.47434209523e+12,3801878148.0,3796860748.03,133576218.452,10.5116425966,0.01706,0.0159482889414,8364420.0,10.32619409
1.47434209523e+12,3801878148.0,3796860748.03,133576218.452,10.5116425966,0.01706,0.0159482889414,8364420.0,10.32619409
1.47434209523e+12,3801878148.0,3796860748.03,133576218.452,10.5116425966,0.01706,0.0159482889414,8364420.0,10.32619409
1.47434209523e+12,3801878148.0,3796860748.03,133576218.452,10.5116425966,0.01706,0.0159482889414,8364420.0,10.32619409
1.47434209523e+12,3801878148.0,3796860748.03,133576218.452,10.5116425966,0.01706,0.0159482889414,8364420.0,10.32619409
1.47434209523e+12,3801878148.0,3796860748.03,133576218.452,10.5116425966,0.01706,0.0159482889414,8364420.0,10.32619409
1.47434211110e+12,3801878148.0,3796860748.03,133536861.876,10.5116425966,0.01706,0.0159482889414,8364420.0,10.323151605
1.47434211110e+12,3801878148.0,3796860748.03,133536861.876,10.5116425966,0.01706,0.0159482889414,8364420.0,10.323151605
1.47434211110e+12,3801878148.0,3796860748.03,133536861.876,10.5116425966,0.01706,0.0159482889414,8364420.0,10.323151605
1.47434211110e+12,3801878148.0,3796860748.03,133536861.876,10.5116425966,0.01706,0.0159482889414,8364420.0,10.323151605
1.4743421221e+12,3801878148.0,3796860748.03,133855700.595,10.5116425966,0.01706,0.0159482889414,8364420.0,10.3478
1.4743421221e+12,3801878148.0,3796860748.03,133855700.595,10.5116425966,0.01706,0.0159482889414,8364420.0,10.3478
1.4743421221e+12,3801878148.0,3796860748.03,133855700.595,10.5116425966,0.01706,0.0159482889414,8364420.0,10.3478
1.4743421221e+12,3801878148.0,3796860748.03,133855700.595,10.5116425966,0.01706,0.0159482889414,8364420.0,10.3478
1.4743421221e+12,3801878148.0,3796860748.03,133855700.595,10.5116425966,0.01706,0.0159482889414,8364420.0,10.3478
1.47434213609e+12,3801878148.0,3796860748.03,133902956.745,10.5116425966,0.01706,0.0159482889414,8364420.0,10.3514528005
1.47434213609e+12,3801878148.0,3796860748.03,133902956.745,10.5116425966,0.01706,0.0159482889414,8364420.0,10.3514528005
1.47434213609e+12,3801878148.0,3796860748.03,133902956.745,10.5116425966,0.01706,0.0159482889414,8364420.0,10.3514528005
1.47434213609e+12,3801878148.0,3796860748.03,133902956.745,10.5116425966,0.01706,0.0159482889414,8364420.0,10.3514528005
1.47434213609e+12,3796323628.0,3796875952.27,133902956.745,10.5115415072,0.01706,0.0159482889414,8364420.0,10.3514528005
1.47434213609e+12,3796323628.0,3796875952.27,133902956.745,10.5115415072,0.01706,0.0159482889414,8364420.0,10.3514528005
1.47434213609e+12,3796323628.0,3796875952.27,133902956.745,10.5115415072,0.01706,0.0159482889414,8364420.0,10.3514528005
1.47434215295e+12,3796323628.0,3796875952.27,133418792.148,10.5115415072,0.01706,0.0159482889414,8364420.0,10.31402415
1.47434216742e+12,3796323628.0,3796875952.27,133867457.113,10.5115415072,0.01706,0.0159482889414,8364420.0,10.348708479
1.47434216742e+12,3796323628.0,3796875952.27,133867457.113,10.5115415072,0.01706,0.0159482889414,8364420.0,10.348708479
1.47434216742e+12,3796323628.0,3796875952.27,133867457.113,10.5115415072,0.01706,0.0159482889414,8364420.0,10.348708479
1.47434216742e+12,3796323628.0,3796875952.27,133867457.113,10.5115415072,0.016955,0.0159507871685,8364420.0,10.348708479
1.47434216742e+12,3796323628.0,3796875952.27,133867457.113,10.5115415072,0.016955,0.0159507871685,8364420.0,10.348708479
1.47434216742e+12,3796323628.0,3796875952.27,133867457.113,10.5115415072,0.016955,0.0159507871685,8364420.0,10.348708479
1.47434216742e+12,3796323628.0,3796875952.27,133867457.113,10.5115415072,0.016955,0.0159507871685,8364420.0,10.348708479
1.47434216742e+12,3796323628.0,3796875952.27,133867457.113,10.5115415072,0.016955,0.0159507871685,8364420.0,10.348708479
1.47434216742e+12,3796323628.0,3796875952.27,133867457.113,10.5115415072,0.016955,0.0159507871685,8364420.0,10.348708479
1.47434216742e+12,3796323628.0,3796875952.27,133867457.113,10.5115415072,0.016955,0.0159507871685,8364420.0,10.348708479
1.47434218198e+12,3796323628.0,3796875952.27,133855700.595,10.5115415072,0.016955,0.0159507871685,8364420.0,10.3478
1.47434218198e+12,3796323628.0,3796875952.27,133855700.595,10.5115415072,0.016955,0.0159507871685,8364420.0,10.3478
1.47434220087e+12,3796323628.0,3796875952.27,133413886.038,10.5115415072,0.016955,0.0159507871685,8364420.0,10.31364488
1.47434220087e+12,3796323628.0,3796875952.27,133413886.038,10.5115415072,0.016955,0.0159507871685,8364420.0,10.31364488
1.47434220087e+12,3796323628.0,3796875952.27,133413886.038,10.5115415072,0.016955,0.0159507871685,8364420.0,10.31364488
1.47434220087e+12,3796323628.0,3796875952.27,133413886.038,10.5115415072,0.016955,0.0159507871685,8364420.0,10.31364488
1.47434220087e+12,3796323628.0,3796875952.27,133413886.038,10.5115415072,0.016955,0.0159507871685,8364420.0,10.31364488
1.47434220087e+12,3796323628.0,3796875952.27,133413886.038,10.5115415072,0.016955,0.0159507871685,8364420.0,10.31364488
1.47434220087e+12,3796323628.0,3796875952.27,133413886.038,10.5115415072,0.016955,0.0159507871685,8364420.0,10.31364488
1.47434220087e+12,3796323628.0,3796875952.27,133413886.038,10.5115415072,0.016955,0.0159507871685,8364420.0,10.31364488
1.47434220087e+12,3796323628.0,3796875952.27,133413886.038,10.5115415072,0.016955,0.0159507871685,8364420.0,10.31364488
1.47434220325e+12,3796323628.0,3796875952.27,133413886.038,10.5115415072,0.016955,0.0159507871685,8364420.0,10.31364488
1.47434220325e+12,3796323628.0,3796875952.27,133413886.038,10.5115415072,0.016955,0.0159507871685,8364420.0,10.31364488
1.47434220325e+12,3796323628.0,3796875952.27,133413886.038,10.5115415072,0.016955,0.0159507871685,8364420.0,10.31364488
1.47434220325e+12,3796323628.0,3796875952.27,133413886.038,10.5115415072,0.016955,0.0159507871685,8364420.0,10.31364488
1.47434222683e+12,3796323628.0,3796875952.27,133775639.744,10.5115415072,0.016955,0.0159507871685,8364420.0,10.3416104792
1.47434222683e+12,3796323628.0,3796875952.27,133775639.744,10.5115415072,0.016955,0.0159507871685,8364420.0,10.3416104792
1.47434222683e+12,3796323628.0,3796875952.27,133775639.744,10.5115415072,0.016955,0.0159507871685,8364420.0,10.3416104792
1.47434222683e+12,3796323628.0,3796875952.27,133775639.744,10.5115415072,0.016955,0.0159507871685,8364420.0,10.3416104792
1.47434224133e+12,3796323628.0,3796875952.27,133855700.595,10.5115415072,0.016955,0.0159507871685,8364420.0,10.3478
1.47434224133e+12,3796323628.0,3796875952.27,133855700.595,10.5115415072,0.016955,0.0159507871685,8364420.0,10.3478
1.47434224133e+12,3796323628.0,3796875952.27,133855700.595,10.5115415072,0.016955,0.0159507871685,8364420.0,10.3478
1.47434224133e+12,3796323628.0,3796875952.27,133855700.595,10.5115415072,0.016955,0.0159507871685,8364420.0,10.3478
1.47434224133e+12,3796323628.0,3796875952.27,133855700.595,10.5115415072,0.016955,0.0159507871685,8364420.0,10.3478
1.47434224133e+12,3796323628.0,3796875952.27,133855700.595,10.5115415072,0.016955,0.0159507871685,8364420.0,10.3478
1.47434224133e+12,3796323628.0,3796875952.27,133855700.595,10.5115415072,0.016955,0.0159507871685,8364420.0,10.3478
1.47434224133e+12,3796323628.0,3796875952.27,133855700.595,10.5115415072,0.016955,0.0159507871685,8364420.0,10.3478
1.4743422573e+12,3796323628.0,3796875952.27,133536861.876,10.5115415072,0.016955,0.0159507871685,8364420.0,10.323151605
1.4743422573e+12,3796323628.0,3796875952.27,133536861.876,10.5115415072,0.016955,0.0159507871685,8364420.0,10.323151605
1.4743422573e+12,3796323628.0,3796875952.27,133536861.876,10.5115415072,0.016955,0.0159507871685,8364420.0,10.323151605
1.4743422573e+12,3796323628.0,3796875952.27,133536861.876,10.5115415072,0.016955,0.0159507871685,8364420.0,10.323151605
1.4743422573e+12,3796323628.0,3796875952.27,133536861.876,10.5115415072,0.016955,0.0159507871685,8364420.0,10.323151605
1.4743422573e+12,3796323628.0,3796875952.27,133536861.876,10.5115415072,0.016955,0.0159507871685,8364420.0,10.323151605
1.4743422573e+12,3796323628.0,3796875952.27,133536861.876,10.5115415072,0.016955,0.0159507871685,8364420.0,10.323151605
1.4743422573e+12,3796323628.0,3796875952.27,133536861.876,10.5115415072,0.016955,0.0159507871685,8364420.0,10.323151605
1.4743422573e+12,3796323628.0,3796875952.27,133536861.876,10.5115415072,0.016955,0.0159507871685,8364420.0,10.323151605
1.4743422573e+12,3796323628.0,3796875952.27,133536861.876,10.5115415072,0.016955,0.0159507871685,8364420.0,10.323151605
1.4743422573e+12,3796323628.0,3796875952.27,133536861.876,10.5115415072,0.016955,0.0159507871685,8364420.0,10.323151605
1.4743422904e+12,3796323628.0,3796875952.27,133458148.724,10.5115415072,0.016955,0.0159507871685,8364420.0,10.317066635
1.4743422904e+12,3796323628.0,3796875952.27,133458148.724,10.5115415072,0.016955,0.0159507871685,8364420.0,10.317066635
1.47434230075e+12,3796323628.0,3796875952.27,133878984.797,10.5115415072,0.016955,0.0159507871685,8378800.0,10.3496
1.47434230075e+12,3796323628.0,3796875952.27,133878984.797,10.5115415072,0.016955,0.0159507871685,8378800.0,10.3496
1.47434230075e+12,3796323628.0,3796875952.27,133878984.797,10.5115415072,0.016955,0.0159507871685,8378800.0,10.3496
1.47434230075e+12,3796323628.0,3796875952.27,133878984.797,10.5115415072,0.016955,0.0159507871685,8378800.0,10.3496
1.47434230075e+12,3796323628.0,3796875952.27,133878984.797,10.5115415072,0.016955,0.0159507871685,8378800.0,10.3496
1.47434230075e+12,3796323628.0,3796875952.27,133878984.797,10.5115415072,0.016955,0.0159507871685,8378800.0,10.3496
1.47434230075e+12,3796323628.0,3796875952.27,133878984.797,10.5115415072,0.016955,0.0159507871685,8378800.0,10.3496
1.47434230075e+12,3796323628.0,3796875952.27,133878984.797,10.5115415072,0.016955,0.0159507871685,8378800.0,10.3496
1.47434232126e+12,3796323628.0,3796875952.27,133677139.959,10.5115415072,0.016955,0.0159507871685,8378800.0,10.333995891
1.47434232126e+12,3796323628.0,3796875952.27,133677139.959,10.5115415072,0.016955,0.0159507871685,8378800.0,10.333995891
1.47434232126e+12,3796323628.0,3796875952.27,133677139.959,10.5115415072,0.016955,0.0159507871685,8378800.0,10.333995891
1.47434232126e+12,3796323628.0,3796875952.27,133677139.959,10.5115415072,0.016955,0.0159507871685,8378800.0,10.333995891
1.47434233599e+12,3796323628.0,3796875952.27,133677139.959,10.5115415072,0.016955,0.0159507871685,8378800.0,10.333995891
1.47434233599e+12,3796323628.0,3796875952.27,133677139.959,10.5115415072,0.016955,0.0159507871685,8378800.0,10.333995891
1.47434233599e+12,3796323628.0,3796875952.27,133677139.959,10.5115415072,0.016955,0.0159507871685,8378800.0,10.333995891
1.47434233599e+12,3796323628.0,3796875952.27,133677139.959,10.5115415072,0.016955,0.0159507871685,8378800.0,10.333995891
1.47434235114e+12,3796323628.0,3796875952.27,133676903.809,10.5115415072,0.016955,0.0159507871685,8378800.0,10.3339776352
1.47434235114e+12,3796323628.0,3796875952.27,133676903.809,10.5115415072,0.016955,0.0159507871685,8378800.0,10.3339776352
1.47434235114e+12,3796323628.0,3796875952.27,133676903.809,10.5115415072,0.016955,0.0159507871685,8378800.0,10.3339776352
1.47434235114e+12,3796323628.0,3796875952.27,133676903.809,10.5115415072,0.016955,0.0159507871685,8378800.0,10.3339776352
1.47434235114e+12,3796323628.0,3796875952.27,133676903.809,10.5115415072,0.016955,0.0159507871685,8378800.0,10.3339776352
1.47434235114e+12,3796323628.0,3796875952.27,133676903.809,10.5115415072,0.016955,0.0159507871685,8378800.0,10.3339776352
1.47434235114e+12,3796323628.0,3796875952.27,133676903.809,10.5115415072,0.016955,0.0159507871685,8378800.0,10.3339776352
1.47434235114e+12,3796323628.0,3796875952.27,133676903.809,10.5115415072,0.016955,0.0159507871685,8378800.0,10.3339776352
1.47434235114e+12,3796323628.0,3796875952.27,133676903.809,10.5115415072,0.016955,0.0159507871685,8378800.0,10.3339776352
1.4743423614e+12,3796323628.0,3796875952.27,133878984.797,10.5115415072,0.016966,0.0159530387668,8378800.0,10.3496
1.47434238087e+12,3796323628.0,3796875952.27,134015307.219,10.5115415072,0.016966,0.0159530387668,8378800.0,10.360138125
1.47434238087e+12,3796323628.0,3796875952.27,134015307.219,10.5115415072,0.016966,0.0159530387668,8378800.0,10.360138125
1.47434238087e+12,3796323628.0,3796875952.27,134015307.219,10.5115415072,0.016966,0.0159530387668,8378800.0,10.360138125
1.47434238087e+12,3796323628.0,3796875952.27,134015307.219,10.5115415072,0.016966,0.0159530387668,8378800.0,10.360138125
1.47434238087e+12,3796323628.0,3796875952.27,134015307.219,10.5115415072,0.016966,0.0159530387668,8378800.0,10.360138125
1.47434238087e+12,3796323628.0,3796875952.27,134015307.219,10.5115415072,0.016966,0.0159530387668,8378800.0,10.360138125
1.47434238087e+12,3796323628.0,3796875952.27,134015307.219,10.5115415072,0.016966,0.0159530387668,8378800.0,10.360138125
1.47434238087e+12,3796323628.0,3796875952.27,134015307.219,10.5115415072,0.016966,0.0159530387668,8378800.0,10.360138125
1.47434238087e+12,3796323628.0,3796875952.27,134015307.219,10.5115415072,0.016966,0.0159530387668,8378800.0,10.360138125
1.47434238087e+12,3796323628.0,3796875952.27,134015307.219,10.5115415072,0.016966,0.0159530387668,8378800.0,10.360138125
1.47434238087e+12,3796323628.0,3796875952.27,134015307.219,10.5115415072,0.016966,0.0159530387668,8378800.0,10.360138125
1.4743423911e+12,3796323628.0,3796875952.27,134015307.219,10.5115415072,0.016966,0.0159530387668,8378800.0,10.360138125
1.47434241032e+12,3796323628.0,3796875952.27,133550878.254,10.5115415072,0.016966,0.0159530387668,8378800.0,10.32423515
1.47434241032e+12,3796323628.0,3796875952.27,133550878.254,10.5115415072,0.016966,0.0159530387668,8378800.0,10.32423515
1.47434241032e+12,3796323628.0,3796875952.27,133550878.254,10.5115415072,0.016966,0.0159530387668,8378800.0,10.32423515
1.47434241032e+12,3796323628.0,3796875952.27,133550878.254,10.5115415072,0.016966,0.0159530387668,8378800.0,10.32423515
1.47434241032e+12,3796323628.0,3796875952.27,133550878.254,10.5115415072,0.016966,0.0159530387668,8378800.0,10.32423515
1.47434241032e+12,3796323628.0,3796875952.27,133550878.254,10.5115415072,0.016966,0.0159530387668,8378800.0,10.32423515
1.47434241032e+12,3796323628.0,3796875952.27,133550878.254,10.5115415072,0.016966,0.0159530387668,8378800.0,10.32423515
1.47434242135e+12,3796323628.0,3796875952.27,133878984.797,10.5115415072,0.016966,0.0159530387668,8378800.0,10.3496
1.47434242135e+12,3796323628.0,3796875952.27,133878984.797,10.5115415072,0.016966,0.0159530387668,8378800.0,10.3496
1.47434242135e+12,3796323628.0,3796875952.27,133878984.797,10.5115415072,0.016966,0.0159530387668,8378800.0,10.3496
1.47434242135e+12,3796323628.0,3796875952.27,133878984.797,10.5115415072,0.016966,0.0159530387668,8378800.0,10.3496
1.47434242135e+12,3796323628.0,3796875952.27,133878984.797,10.5115415072,0.016966,0.0159530387668,8378800.0,10.3496
1.4743424401e+12,3796323628.0,3796875952.27,134054665.606,10.5115415072,0.016966,0.0159530387668,8378800.0,10.36318075
1.4743424401e+12,3796323628.0,3796875952.27,134054665.606,10.5115415072,0.016966,0.0159530387668,8378800.0,10.36318075
1.4743424401e+12,3796323628.0,3796875952.27,134054665.606,10.5115415072,0.016966,0.0159530387668,8378800.0,10.36318075
1.4743424401e+12,3796323628.0,3796875952.27,134054665.606,10.5115415072,0.016966,0.0159530387668,8378800.0,10.36318075
1.47434245087e+12,3796323628.0,3796875952.27,134178487.091,10.5115415072,0.016966,0.0159530387668,8378800.0,10.3727528482
1.47434245087e+12,3796323628.0,3796875952.27,134178487.091,10.5115415072,0.016966,0.0159530387668,8378800.0,10.3727528482
1.47434245087e+12,3796323628.0,3796875952.27,134178487.091,10.5115415072,0.016966,0.0159530387668,8378800.0,10.3727528482
1.47434245087e+12,3796323628.0,3796875952.27,134178487.091,10.5115415072,0.016966,0.0159530387668,8378800.0,10.3727528482
1.47434245087e+12,3796323628.0,3796875952.27,134178487.091,10.5115415072,0.016966,0.0159530387668,8378800.0,10.3727528482
1.47434245087e+12,3796323628.0,3796875952.27,134178487.091,10.5115415072,0.016966,0.0159530387668,8378800.0,10.3727528482
1.47434245087e+12,3796323628.0,3796875952.27,134178487.091,10.5115415072,0.016966,0.0159530387668,8378800.0,10.3727528482
1.47434245087e+12,3796323628.0,3796875952.27,134178487.091,10.5115415072,0.016966,0.0159530387668,8378800.0,10.3727528482
1.47434246897e+12,3796323628.0,3796875952.27,134178487.091,10.5115415072,0.016966,0.0159530387668,8378800.0,10.3727528482
1.47434248054e+12,3796323628.0,3796875952.27,133878984.797,10.5115415072,0.016966,0.0159530387668,8378800.0,10.3496
1.47434248054e+12,3796323628.0,3796875952.27,133878984.797,10.5115415072,0.016966,0.0159530387668,8378800.0,10.3496
1.47434248054e+12,3796323628.0,3796875952.27,133878984.797,10.5115415072,0.016966,0.0159530387668,8378800.0,10.3496
1.47434248054e+12,3796323628.0,3796875952.27,133878984.797,10.5115415072,0.016966,0.0159530387668,8378800.0,10.3496
1.47434248054e+12,3796323628.0,3796875952.27,133878984.797,10.5115415072,0.016966,0.0159530387668,8378800.0,10.3496
1.47434248054e+12,3810634238.0,3796874283.62,133878984.797,10.5115415072,0.016966,0.0159530387668,8378800.0,10.3496
1.47434248054e+12,3810634238.0,3796874283.62,133878984.797,10.5115415072,0.016966,0.0159530387668,8378800.0,10.3496
1.47434248054e+12,3810634238.0,3796874283.62,133878984.797,10.5115415072,0.016966,0.0159530387668,8378800.0,10.3496
1.47434248054e+12,3810634238.0,3796874283.62,133878984.797,10.5115415072,0.016966,0.0159530387668,8378800.0,10.3496
1.47434248054e+12,3810634238.0,3796874283.62,133878984.797,10.5115415072,0.016966,0.0159530387668,8378800.0,10.3496
1.4743424995e+12,3810634238.0,3796874283.62,134101580.803,10.5115415072,0.016966,0.0159530387668,8378800.0,10.366807559
1.4743424995e+12,3810634238.0,3796874283.62,134101580.803,10.5115415072,0.016966,0.0159530387668,8378800.0,10.366807559
1.4743424995e+12,3810634238.0,3796874283.62,134101580.803,10.5115415072,0.016966,0.0159530387668,8378800.0,10.366807559
1.4743425157e+12,3810634238.0,3796874283.62,134101580.803,10.5115415072,0.016966,0.0159530387668,8378800.0,10.366807559
1.4743425157e+12,3810634238.0,3796874283.62,134101580.803,10.5115415072,0.016966,0.0159530387668,8378800.0,10.366807559
1.4743425157e+12,3810634238.0,3796874283.62,134101580.803,10.5115415072,0.016966,0.0159530387668,8378800.0,10.366807559
1.4743425157e+12,3810634238.0,3796874283.62,134101580.803,10.5115415072,0.01704079,0.0159553048993,8378800.0,10.366807559
1.4743425157e+12,3810634238.0,3796874283.62,134101580.803,10.5115415072,0.01704079,0.0159553048993,8378800.0,10.366807559
1.47434253027e+12,3810634238.0,3796874283.62,134178959.392,10.5115415072,0.01704079,0.0159553048993,8378800.0,10.3727893598
1.47434253027e+12,3810634238.0,3796874283.62,134178959.392,10.5115415072,0.01704079,0.0159553048993,8378800.0,10.3727893598
1.47434253027e+12,3810634238.0,3796874283.62,134178959.392,10.5115415072,0.01704079,0.0159553048993,8378800.0,10.3727893598
1.47434253027e+12,3810634238.0,3796874283.62,134178959.392,10.5115415072,0.01704079,0.0159553048993,8378800.0,10.3727893598
1.47434253027e+12,3810634238.0,3796874283.62,134178959.392,10.5115415072,0.01704079,0.0159553048993,8378800.0,10.3727893598
1.47434253027e+12,3810634238.0,3796874283.62,134178959.392,10.5115415072,0.01704079,0.0159553048993,8378800.0,10.3727893598
1.47434253027e+12,3810634238.0,3796874283.62,134178959.392,10.5115415072,0.01704079,0.0159553048993,8378800.0,10.3727893598
1.4743425465e+12,3810634238.0,3796874283.62,134265075.542,10.5115415072,0.01704079,0.0159553048993,8378800.0,10.3794466232
1.4743425465e+12,3810634238.0,3796874283.62,134265075.542,10.5115415072,0.01704079,0.0159553048993,8378800.0,10.3794466232
1.4743425465e+12,3810634238.0,3796874283.62,134265075.542,10.5115415072,0.01704079,0.0159553048993,8378800.0,10.3794466232
1.4743425465e+12,3810634238.0,3796874283.62,134265075.542,10.5115415072,0.01704079,0.0159553048993,8378800.0,10.3794466232
1.4743425465e+12,3810634238.0,3796874283.62,134265075.542,10.5115415072,0.01704079,0.0159553048993,8378800.0,10.3794466232
1.47434255802e+12,3810634238.0,3796874283.62,134290815.927,10.5115415072,0.01704079,0.0159553048993,8378800.0,10.3814365
1.47434255802e+12,3810634238.0,3796874283.62,134290815.927,10.5115415072,0.01704079,0.0159553048993,8378800.0,10.3814365
1.47434255802e+12,3810634238.0,3796874283.62,134290815.927,10.5115415072,0.01704079,0.0159553048993,8378800.0,10.3814365
1.47434255802e+12,3810634238.0,3796874283.62,134290815.927,10.5115415072,0.01704079,0.0159553048993,8378800.0,10.3814365
1.47434255802e+12,3810634238.0,3796874283.62,134290815.927,10.5115415072,0.01704079,0.0159553048993,8378800.0,10.3814365
1.47434255802e+12,3810634238.0,3796874283.62,134290815.927,10.5115415072,0.01704079,0.0159553048993,8378800.0,10.3814365
1.47434255802e+12,3810634238.0,3796874283.62,134290815.927,10.5115415072,0.01704079,0.0159553048993,8378800.0,10.3814365
1.47434257166e+12,3810634238.0,3796874283.62,134582067.99,10.5115415072,0.01704079,0.0159553048993,8378800.0,10.403951925
1.47434257166e+12,3810634238.0,3796874283.62,134582067.99,10.5115415072,0.01704079,0.0159553048993,8378800.0,10.403951925
1.47434259019e+12,3810634238.0,3796874283.62,134605683.022,10.5115415072,0.01704079,0.0159553048993,8378800.0,10.4057775
1.47434259019e+12,3810634238.0,3796874283.62,134605683.022,10.5115415072,0.01704079,0.0159553048993,8378800.0,10.4057775
1.47434259019e+12,3810634238.0,3796874283.62,134605683.022,10.5115415072,0.01704079,0.0159553048993,8378800.0,10.4057775
1.47434259019e+12,3810634238.0,3796874283.62,134605683.022,10.5115415072,0.01704079,0.0159553048993,8378800.0,10.4057775
1.47434259019e+12,3810634238.0,3796874283.62,134605683.022,10.5115415072,0.01704079,0.0159553048993,8378800.0,10.4057775
1.47434259019e+12,3810634238.0,3796874283.62,134605683.022,10.5115415072,0.01704079,0.0159553048993,8378800.0,10.4057775
1.47434259019e+12,3810634238.0,3796874283.62,134605683.022,10.5115415072,0.01704079,0.0159553048993,8378800.0,10.4057775
1.47434259019e+12,3810634238.0,3796874283.62,134605683.022,10.5115415072,0.01704079,0.0159553048993,8378800.0,10.4057775
1.47434259019e+12,3810634238.0,3796874283.62,134605683.022,10.5115415072,0.01704079,0.0159553048993,8378800.0,10.4057775
1.47434259019e+12,3810634238.0,3796874283.62,134605683.022,10.5115415072,0.01704079,0.0159553048993,8378800.0,10.4057775
1.47434259019e+12,3810634238.0,3796874283.62,134605683.022,10.5115415072,0.01704079,0.0159553048993,8378800.0,10.4057775
1.47434260127e+12,3810634238.0,3796874283.62,134160982.349,10.5115415072,0.01704079,0.0159553048993,8380880.0,10.3714
1.47434262009e+12,3810634238.0,3796874283.62,134588856.906,10.5115415072,0.01704079,0.0159553048993,8380880.0,10.4044767465
1.47434262009e+12,3810634238.0,3796874283.62,134588856.906,10.5115415072,0.01704079,0.0159553048993,8380880.0,10.4044767465
1.47434262009e+12,3810634238.0,3796874283.62,134588856.906,10.5115415072,0.01704079,0.0159553048993,8380880.0,10.4044767465
1.47434262009e+12,3810634238.0,3796874283.62,134588856.906,10.5115415072,0.01704079,0.0159553048993,8380880.0,10.4044767465
1.47434262009e+12,3810634238.0,3796874283.62,134588856.906,10.5115415072,0.01704079,0.0159553048993,8380880.0,10.4044767465
1.47434262009e+12,3810634238.0,3796874283.62,134588856.906,10.5115415072,0.01704079,0.0159553048993,8380880.0,10.4044767465
1.47434262009e+12,3810634238.0,3796874283.62,134588856.906,10.5115415072,0.01704079,0.0159553048993,8380880.0,10.4044767465
1.47434262009e+12,3810634238.0,3796874283.62,134588856.906,10.5115415072,0.01704079,0.0159553048993,8380880.0,10.4044767465
1.47434263226e+12,3810634238.0,3796874283.62,134584370.603,10.5115415072,0.01704079,0.0159553048993,8380880.0,10.40412993
1.47434263226e+12,3810634238.0,3796874283.62,134584370.603,10.5115415072,0.01704079,0.0159553048993,8380880.0,10.40412993
1.47434263226e+12,3810634238.0,3796874283.62,134584370.603,10.5115415072,0.01704079,0.0159553048993,8380880.0,10.40412993
1.47434263226e+12,3810634238.0,3796874283.62,134584370.603,10.5115415072,0.01704079,0.0159553048993,8380880.0,10.40412993
1.47434265034e+12,3810634238.0,3796874283.62,134551720.315,10.5115415072,0.01704079,0.0159553048993,8380880.0,10.4016058788
1.47434265034e+12,3810634238.0,3796874283.62,134551720.315,10.5115415072,0.01704079,0.0159553048993,8380880.0,10.4016058788
1.47434265034e+12,3810634238.0,3796874283.62,134551720.315,10.5115415072,0.01704079,0.0159553048993,8380880.0,10.4016058788
1.47434265034e+12,3810634238.0,3796874283.62,134551720.315,10.5115415072,0.01704079,0.0159553048993,8380880.0,10.4016058788
1.4743426604e+12,3810634238.0,3796874283.62,134160982.349,10.5115415072,0.01704079,0.0159553048993,8380880.0,10.3714
1.4743426604e+12,3810634238.0,3796874283.62,134160982.349,10.5115415072,0.01704079,0.0159553048993,8380880.0,10.3714
1.4743426604e+12,3810634238.0,3796874283.62,134160982.349,10.5115415072,0.01704079,0.0159553048993,8380880.0,10.3714
1.4743426604e+12,3810634238.0,3796874283.62,134160982.349,10.5115415072,0.01704079,0.0159553048993,8380880.0,10.3714
1.4743426604e+12,3810634238.0,3796874283.62,134160982.349,10.5115415072,0.01704079,0.0159553048993,8380880.0,10.3714
1.4743426604e+12,3810634238.0,3796874283.62,134160982.349,10.5115415072,0.01704079,0.0159553048993,8380880.0,10.3714
1.4743426604e+12,3810634238.0,3796874283.62,134160982.349,10.5115415072,0.01704079,0.0159553048993,8380880.0,10.3714
1.4743426604e+12,3810634238.0,3796874283.62,134160982.349,10.5115415072,0.01704079,0.0159553048993,8380880.0,10.3714
1.47434268008e+12,3810634238.0,3796874283.62,134707074.929,10.5115415072,0.01704079,0.0159553048993,8380880.0,10.4136156655
1.47434268008e+12,3810634238.0,3796874283.62,134707074.929,10.5115415072,0.01704079,0.0159553048993,8380880.0,10.4136156655
1.47434269366e+12,3810634238.0,3796874283.62,134707153.636,10.5115415072,0.01704079,0.0159553048993,8380880.0,10.41362175
1.47434269366e+12,3810634238.0,3796874283.62,134707153.636,10.5115415072,0.01704079,0.0159553048993,8380880.0,10.41362175
1.47434269366e+12,3810634238.0,3796874283.62,134707153.636,10.5115415072,0.01704079,0.0159553048993,8380880.0,10.41362175
1.47434269366e+12,3810634238.0,3796874283.62,134707153.636,10.5115415072,0.01704079,0.0159553048993,8380880.0,10.41362175
1.47434269366e+12,3810634238.0,3796874283.62,134707153.636,10.5115415072,0.01704079,0.0159553048993,8380880.0,10.41362175
1.47434269366e+12,3810634238.0,3796874283.62,134707153.636,10.5115415072,0.01704079,0.0159553048993,8380880.0,10.41362175
1.47434269366e+12,3810634238.0,3796874283.62,134707153.636,10.5115415072,0.01704079,0.0159553048993,8380880.0,10.41362175
1.47434269366e+12,3810634238.0,3796874283.62,134707153.636,10.5115415072,0.01704079,0.0159553048993,8380880.0,10.41362175
1.47434269366e+12,3810634238.0,3796874283.62,134707153.636,10.5115415072,0.01704079,0.0159553048993,8380880.0,10.41362175
1.47434269366e+12,3810634238.0,3796874283.62,134707153.636,10.5115415072,0.01704079,0.0159553048993,8380880.0,10.41362175
1.47434269366e+12,3810634238.0,3796874283.62,134707153.636,10.5115415072,0.01704079,0.0159553048993,8380880.0,10.41362175
1.47434271004e+12,3810634238.0,3796874283.62,134667800.1,10.5115415072,0.01704079,0.0159553048993,8380880.0,10.4105795
1.47434272155e+12,3810634238.0,3796874283.62,134160982.349,10.5115415072,0.01710999,0.0159577278571,8380880.0,10.3714
1.47434272155e+12,3810634238.0,3796874283.62,134160982.349,10.5115415072,0.01710999,0.0159577278571,8380880.0,10.3714
1.47434272155e+12,3810634238.0,3796874283.62,134160982.349,10.5115415072,0.01710999,0.0159577278571,8380880.0,10.3714
1.47434272155e+12,3810634238.0,3796874283.62,134160982.349,10.5115415072,0.01710999,0.0159577278571,8380880.0,10.3714
1.47434272155e+12,3810634238.0,3796874283.62,134160982.349,10.5115415072,0.01710999,0.0159577278571,8380880.0,10.3714
1.47434272155e+12,3810634238.0,3796874283.62,134160982.349,10.5115415072,0.01710999,0.0159577278571,8380880.0,10.3714
1.47434272155e+12,3810634238.0,3796874283.62,134160982.349,10.5115415072,0.01710999,0.0159577278571,8380880.0,10.3714
1.47434272155e+12,3810634238.0,3796874283.62,134160982.349,10.5115415072,0.01710999,0.0159577278571,8380880.0,10.3714
1.47434273991e+12,3810634238.0,3796874283.62,134667800.1,10.5115415072,0.01710999,0.0159577278571,8380880.0,10.4105795
1.47434273991e+12,3810634238.0,3796874283.62,134667800.1,10.5115415072,0.01710999,0.0159577278571,8380880.0,10.4105795
1.47434273991e+12,3810634238.0,3796874283.62,134667800.1,10.5115415072,0.01710999,0.0159577278571,8380880.0,10.4105795
1.47434273991e+12,3810634238.0,3796874283.62,134667800.1,10.5115415072,0.01710999,0.0159577278571,8380880.0,10.4105795
1.47434274764e+12,3810634238.0,3796874283.62,134667800.1,10.5115415072,0.01710999,0.0159577278571,8380880.0,10.4105795
1.47434274764e+12,3810634238.0,3796874283.62,134667800.1,10.5115415072,0.01710999,0.0159577278571,8380880.0,10.4105795
1.47434274764e+12,3810634238.0,3796874283.62,134667800.1,10.5115415072,0.01710999,0.0159577278571,8380880.0,10.4105795
1.47434274764e+12,3810634238.0,3796874283.62,134667800.1,10.5115415072,0.01710999,0.0159577278571,8380880.0,10.4105795
1.47434277115e+12,3810634238.0,3796874283.62,134667800.1,10.5115415072,0.01710999,0.0159577278571,8380880.0,10.4105795
1.47434277115e+12,3810634238.0,3796874283.62,134667800.1,10.5115415072,0.01710999,0.0159577278571,8380880.0,10.4105795
1.47434277115e+12,3810634238.0,3796874283.62,134667800.1,10.5115415072,0.01710999,0.0159577278571,8380880.0,10.4105795
1.47434277115e+12,3810634238.0,3796874283.62,134667800.1,10.5115415072,0.01710999,0.0159577278571,8380880.0,10.4105795
1.47434277115e+12,3810634238.0,3796874283.62,134667800.1,10.5115415072,0.01710999,0.0159577278571,8380880.0,10.4105795
1.47434277115e+12,3810634238.0,3796874283.62,134667800.1,10.5115415072,0.01710999,0.0159577278571,8380880.0,10.4105795
1.47434277115e+12,3810634238.0,3796874283.62,134667800.1,10.5115415072,0.01710999,0.0159577278571,8380880.0,10.4105795
1.47434277115e+12,3810634238.0,3796874283.62,134667800.1,10.5115415072,0.01710999,0.0159577278571,8380880.0,10.4105795
1.47434278191e+12,3810634238.0,3796874283.62,134160982.349,10.5115415072,0.01710999,0.0159577278571,8380880.0,10.3714
1.47434278191e+12,3810634238.0,3796874283.62,134160982.349,10.5115415072,0.01710999,0.0159577278571,8380880.0,10.3714
1.47434278191e+12,3810634238.0,3796874283.62,134160982.349,10.5115415072,0.01710999,0.0159577278571,8380880.0,10.3714
1.47434278191e+12,3810634238.0,3796874283.62,134160982.349,10.5115415072,0.01710999,0.0159577278571,8380880.0,10.3714
1.47434278191e+12,3810634238.0,3796874283.62,134160982.349,10.5115415072,0.01710999,0.0159577278571,8380880.0,10.3714
1.47434278191e+12,3810634238.0,3796874283.62,134160982.349,10.5115415072,0.01710999,0.0159577278571,8380880.0,10.3714
1.47434278191e+12,3810634238.0,3796874283.62,134160982.349,10.5115415072,0.01710999,0.0159577278571,8380880.0,10.3714
1.47434278191e+12,3810634238.0,3796874283.62,134160982.349,10.5115415072,0.01710999,0.0159577278571,8380880.0,10.3714
1.47434278191e+12,3810634238.0,3796874283.62,134160982.349,10.5115415072,0.01710999,0.0159577278571,8380880.0,10.3714
1.47434278191e+12,3810634238.0,3796874283.62,134160982.349,10.5115415072,0.01710999,0.0159577278571,8380880.0,10.3714
1.47434278191e+12,3810634238.0,3796874283.62,134160982.349,10.5115415072,0.01710999,0.0159577278571,8380880.0,10.3714
1.47434278191e+12,3810634238.0,3796874283.62,134160982.349,10.5115415072,0.01710999,0.0159577278571,8380880.0,10.3714
1.47434278191e+12,3810634238.0,3796874283.62,134160982.349,10.5115415072,0.01710999,0.0159577278571,8380880.0,10.3714
1.47434281488e+12,3810634238.0,3796874283.62,134589093.028,10.5115415072,0.01710999,0.0159577278571,8380880.0,10.404495
1.47434283083e+12,3810634238.0,3796874283.62,134589093.028,10.5115415072,0.01710999,0.0159577278571,8380880.0,10.404495
1.47434283083e+12,3810634238.0,3796874283.62,134589093.028,10.5115415072,0.01710999,0.0159577278571,8380880.0,10.404495
1.47434283083e+12,3810634238.0,3796874283.62,134589093.028,10.5115415072,0.01710999,0.0159577278571,8380880.0,10.404495
1.47434283083e+12,3810634238.0,3796874283.62,134589093.028,10.5115415072,0.01710999,0.0159577278571,8380880.0,10.404495
1.47434283083e+12,3810634238.0,3796874283.62,134589093.028,10.5115415072,0.01710999,0.0159577278571,8380880.0,10.404495
1.47434283083e+12,3810634238.0,3796874283.62,134589093.028,10.5115415072,0.01710999,0.0159577278571,8380880.0,10.404495
1.47434283083e+12,3810634238.0,3796874283.62,134589093.028,10.5115415072,0.01710999,0.0159577278571,8380880.0,10.404495
1.47434283083e+12,3810634238.0,3796874283.62,134589093.028,10.5115415072,0.01710999,0.0159577278571,8380880.0,10.404495
1.47434283083e+12,3810634238.0,3796874283.62,134589093.028,10.5115415072,0.01710999,0.0159577278571,8380880.0,10.404495
1.47434283083e+12,3810634238.0,3796874283.62,134589093.028,10.5115415072,0.01710999,0.0159577278571,8380880.0,10.404495
1.47434284042e+12,3810634238.0,3796874283.62,134160982.349,10.5115415072,0.01710999,0.0159577278571,8380880.0,10.3714
1.47434284042e+12,3810634238.0,3796874283.62,134160982.349,10.5115415072,0.01710999,0.0159577278571,8380880.0,10.3714
1.47434284042e+12,3810634238.0,3796874283.62,134160982.349,10.5115415072,0.01710999,0.0159577278571,8380880.0,10.3714
1.47434285902e+12,3810634238.0,3796874283.62,134746507.172,10.5115415072,0.01710999,0.0159577278571,8380880.0,10.416664
1.47434285902e+12,3810634238.0,3796874283.62,134746507.172,10.5115415072,0.01710999,0.0159577278571,8380880.0,10.416664
1.47434285902e+12,3810634238.0,3796874283.62,134746507.172,10.5115415072,0.01710999,0.0159577278571,8380880.0,10.416664
1.47434285902e+12,3810634238.0,3796874283.62,134746507.172,10.5115415072,0.01710999,0.0159577278571,8380880.0,10.416664
1.47434287532e+12,3810634238.0,3796874283.62,134746034.929,10.5115415072,0.01710999,0.0159577278571,8380880.0,10.416627493
1.47434287532e+12,3810634238.0,3796874283.62,134746034.929,10.5115415072,0.01710999,0.0159577278571,8380880.0,10.416627493
1.47434287532e+12,3810634238.0,3796874283.62,134746034.929,10.5115415072,0.01710999,0.0159577278571,8380880.0,10.416627493
1.47434287532e+12,3810634238.0,3796874283.62,134746034.929,10.5115415072,0.01710999,0.0159577278571,8380880.0,10.416627493
1.47434287532e+12,3810634238.0,3796874283.62,134746034.929,10.5115415072,0.01710999,0.0159577278571,8380880.0,10.416627493
1.47434287532e+12,3810634238.0,3796874283.62,134746034.929,10.5115415072,0.01710999,0.0159577278571,8380880.0,10.416627493
1.47434287532e+12,3810634238.0,3796874283.62,134746034.929,10.5115415072,0.01710999,0.0159577278571,8380880.0,10.416627493
1.47434287532e+12,3810634238.0,3796874283.62,134746034.929,10.5115415072,0.01710999,0.0159577278571,8380880.0,10.416627493
1.47434289061e+12,3810634238.0,3796874283.62,134420962.976,10.5115415072,0.01710999,0.0159577278571,8380880.0,10.3914976
1.47434289061e+12,3810634238.0,3796874283.62,134420962.976,10.5115415072,0.01711994,0.0159602941425,8380880.0,10.3914976
1.47434290093e+12,3810634238.0,3796874283.62,134664508.1,10.5115415072,0.01711994,0.0159602941425,8384740.0,10.4103
1.47434290093e+12,3810634238.0,3796874283.62,134664508.1,10.5115415072,0.01711994,0.0159602941425,8384740.0,10.4103
1.47434290093e+12,3810634238.0,3796874283.62,134664508.1,10.5115415072,0.01711994,0.0159602941425,8384740.0,10.4103
1.47434290093e+12,3810634238.0,3796874283.62,134664508.1,10.5115415072,0.01711994,0.0159602941425,8384740.0,10.4103
1.47434290093e+12,3810634238.0,3796874283.62,134664508.1,10.5115415072,0.01711994,0.0159602941425,8384740.0,10.4103
1.47434290093e+12,3810634238.0,3796874283.62,134664508.1,10.5115415072,0.01711994,0.0159602941425,8384740.0,10.4103
1.47434290093e+12,3810634238.0,3796874283.62,134664508.1,10.5115415072,0.01711994,0.0159602941425,8384740.0,10.4103
1.47434290093e+12,3810634238.0,3796874283.62,134664508.1,10.5115415072,0.01711994,0.0159602941425,8384740.0,10.4103
1.47434290093e+12,3810634238.0,3796874283.62,134664508.1,10.5115415072,0.01711994,0.0159602941425,8384740.0,10.4103
1.47434290093e+12,3810634238.0,3796874283.62,134664508.1,10.5115415072,0.01711994,0.0159602941425,8384740.0,10.4103
1.47434291778e+12,3810634238.0,3796874283.62,134418599.426,10.5115415072,0.01711994,0.0159602941425,8384740.0,10.3912899818
1.47434293506e+12,3810634238.0,3796874283.62,134418834.974,10.5115415072,0.01711994,0.0159602941425,8384740.0,10.3913081909
1.47434293506e+12,3810634238.0,3796874283.62,134418834.974,10.5115415072,0.01711994,0.0159602941425,8384740.0,10.3913081909
1.47434293506e+12,3810634238.0,3796874283.62,134418834.974,10.5115415072,0.01711994,0.0159602941425,8384740.0,10.3913081909
1.47434293506e+12,3810634238.0,3796874283.62,134418834.974,10.5115415072,0.01711994,0.0159602941425,8384740.0,10.3913081909
1.47434295131e+12,3810634238.0,3796874283.62,134418599.426,10.5115415072,0.01711994,0.0159602941425,8384740.0,10.3912899818
1.47434302056e+12,3810634238.0,3796874283.62,134664508.1,10.5115415072,0.01711994,0.0159602941425,8384740.0,10.4103
1.47434302056e+12,3810634238.0,3796874283.62,134664508.1,10.5115415072,0.01711994,0.0159602941425,8384740.0,10.4103
1.47434307152e+12,3810634238.0,3796874283.62,134423851.091,10.5115415072,0.0171234,0.0159628711333,8384740.0,10.3916959641
1.47434307152e+12,3810634238.0,3796874283.62,134423851.091,10.5115415072,0.0171234,0.0159628711333,8384740.0,10.3916959641
1.47434308217e+12,3810634238.0,3796874283.62,134664508.1,10.5115415072,0.0171234,0.0159628711333,8384740.0,10.4103
1.47434308217e+12,3810634238.0,3796874283.62,134664508.1,10.5115415072,0.0171234,0.0159628711333,8384740.0,10.4103
1.47434308217e+12,3810634238.0,3796874283.62,134664508.1,10.5115415072,0.0171234,0.0159628711333,8384740.0,10.4103
1.47434311016e+12,3810634238.0,3796874283.62,134758021.229,10.5115415072,0.0171234,0.0159628711333,8384740.0,10.4175291362
1.47434311016e+12,3810634238.0,3796874283.62,134758021.229,10.5115415072,0.0171234,0.0159628711333,8384740.0,10.4175291362
1.47434311016e+12,3810634238.0,3796874283.62,134758021.229,10.5115415072,0.0171234,0.0159628711333,8384740.0,10.4175291362
1.47434312833e+12,3810634238.0,3796874283.62,134758099.927,10.5115415072,0.0171234,0.0159628711333,8384740.0,10.41753522
1.47434312833e+12,3810634238.0,3796874283.62,134758099.927,10.5115415072,0.0171234,0.0159628711333,8384740.0,10.41753522
1.47434312833e+12,3810634238.0,3796874283.62,134758099.927,10.5115415072,0.0171234,0.0159628711333,8384740.0,10.41753522
1.47434312833e+12,3810634238.0,3796874283.62,134758099.927,10.5115415072,0.0171234,0.0159628711333,8384740.0,10.41753522
1.47434312833e+12,3810634238.0,3796874283.62,134758099.927,10.5115415072,0.0171234,0.0159628711333,8384740.0,10.41753522
1.47434314214e+12,3810634238.0,3796874283.62,134664508.1,10.5115415072,0.0171234,0.0159628711333,8384740.0,10.4103
1.47434314214e+12,3810634238.0,3796874283.62,134664508.1,10.5115415072,0.0171234,0.0159628711333,8384740.0,10.4103
1.47434314213e+12,3810634238.0,3796874283.62,134664508.1,10.5115415072,0.0171234,0.0159628711333,8384740.0,10.4103
1.47434314213e+12,3810634238.0,3796874283.62,134664508.1,10.5115415072,0.0171234,0.0159628711333,8384740.0,10.4103
1.47434314213e+12,3810634238.0,3796874283.62,134664508.1,10.5115415072,0.0171234,0.0159628711333,8384740.0,10.4103
1.47434320053e+12,3810634238.0,3796874283.62,134752470.854,10.5115415072,0.0171234,0.0159628711333,8386060.0,10.4171
1.47434326103e+12,3814690902.0,3796915729.27,134752470.854,10.5114823794,0.017128,0.0159654443681,8386060.0,10.4171
1.47434329651e+12,3814690902.0,3796915729.27,134765926.491,10.5114823794,0.017128,0.0159654443681,8386060.0,10.418140256
1.4743433405e+12,3814690902.0,3796915729.27,134981042.117,10.5114823794,0.017128,0.0159654443681,8386060.0,10.4347698657
1.4743433405e+12,3814690902.0,3796915729.27,134981042.117,10.5114823794,0.017128,0.0159654443681,8386060.0,10.4347698657
1.47434335425e+12,3814690902.0,3796915729.27,134939026.117,10.5114823794,0.017128,0.0159654443681,8386060.0,10.4315218
1.47434336714e+12,3814690902.0,3796915729.27,134939026.117,10.5114823794,0.017128,0.0159654443681,8386060.0,10.4315218
1.47434336714e+12,3814690902.0,3796915729.27,134939026.117,10.5114823794,0.017128,0.0159654443681,8386060.0,10.4315218
1.47434336714e+12,3814690902.0,3796915729.27,134939026.117,10.5114823794,0.017128,0.0159654443681,8386060.0,10.4315218
1.47434336714e+12,3814690902.0,3796915729.27,134939026.117,10.5114823794,0.017128,0.0159654443681,8386060.0,10.4315218
1.47434336714e+12,3814690902.0,3796915729.27,134939026.117,10.5114823794,0.017128,0.0159654443681,8386060.0,10.4315218
1.47434336714e+12,3814690902.0,3796915729.27,134939026.117,10.5114823794,0.017128,0.0159654443681,8386060.0,10.4315218
1.47434336714e+12,3814690902.0,3796915729.27,134939026.117,10.5114823794,0.017128,0.0159654443681,8386060.0,10.4315218
1.47434338086e+12,3814690902.0,3796915729.27,134752470.854,10.5114823794,0.017128,0.0159654443681,8386060.0,10.4171
1.47434338086e+12,3814690902.0,3796915729.27,134752470.854,10.5114823794,0.017128,0.0159654443681,8386060.0,10.4171
1.47434338086e+12,3814690902.0,3796915729.27,134752470.854,10.5114823794,0.017128,0.0159654443681,8386060.0,10.4171
1.47434338086e+12,3814690902.0,3796915729.27,134752470.854,10.5114823794,0.017128,0.0159654443681,8386060.0,10.4171
1.47434338086e+12,3814690902.0,3796915729.27,134752470.854,10.5114823794,0.017128,0.0159654443681,8386060.0,10.4171
1.47434340063e+12,3814690902.0,3796915729.27,134981120.798,10.5114823794,0.017128,0.0159654443681,8386060.0,10.4347759482
1.47434344042e+12,3814690902.0,3796915729.27,134752470.854,10.5114823794,0.01715535,0.0159680163938,8386060.0,10.4171
1.47434344042e+12,3814690902.0,3796915729.27,134752470.854,10.5114823794,0.01715535,0.0159680163938,8386060.0,10.4171
1.47434344042e+12,3814690902.0,3796915729.27,134752470.854,10.5114823794,0.01715535,0.0159680163938,8386060.0,10.4171
1.47434344042e+12,3814690902.0,3796915729.27,134752470.854,10.5114823794,0.01715535,0.0159680163938,8386060.0,10.4171
1.47434344042e+12,3814690902.0,3796915729.27,134752470.854,10.5114823794,0.01715535,0.0159680163938,8386060.0,10.4171
1.47434344042e+12,3814690902.0,3796915729.27,134752470.854,10.5114823794,0.01715535,0.0159680163938,8386060.0,10.4171
1.47434344042e+12,3814690902.0,3796915729.27,134752470.854,10.5114823794,0.01715535,0.0159680163938,8386060.0,10.4171
1.47434346141e+12,3814690902.0,3796915729.27,135020461.622,10.5114823794,0.01715535,0.0159680163938,8386060.0,10.4378172082
1.47434346141e+12,3814690902.0,3796915729.27,135020461.622,10.5114823794,0.01715535,0.0159680163938,8386060.0,10.4378172082
1.47434346141e+12,3814690902.0,3796915729.27,135020461.622,10.5114823794,0.01715535,0.0159680163938,8386060.0,10.4378172082
1.47434346141e+12,3814690902.0,3796915729.27,135020461.622,10.5114823794,0.01715535,0.0159680163938,8386060.0,10.4378172082
1.47434346141e+12,3814690902.0,3796915729.27,135020461.622,10.5114823794,0.01715535,0.0159680163938,8386060.0,10.4378172082
1.47434346523e+12,3814690902.0,3796915729.27,135033444.094,10.5114823794,0.01715535,0.0159680163938,8386060.0,10.438820824
1.47434346523e+12,3814690902.0,3796915729.27,135033444.094,10.5114823794,0.01715535,0.0159680163938,8386060.0,10.438820824
1.47434346523e+12,3814690902.0,3796915729.27,135033444.094,10.5114823794,0.01715535,0.0159680163938,8386060.0,10.438820824
1.47434346523e+12,3814690902.0,3796915729.27,135033444.094,10.5114823794,0.01715535,0.0159680163938,8386060.0,10.438820824
1.47434346523e+12,3814690902.0,3796915729.27,135033444.094,10.5114823794,0.01715535,0.0159680163938,8386060.0,10.438820824
1.47434349068e+12,3814690902.0,3796915729.27,135033129.368,10.5114823794,0.01715535,0.0159680163938,8386060.0,10.4387964939
1.47434349068e+12,3814690902.0,3796915729.27,135033129.368,10.5114823794,0.01715535,0.0159680163938,8386060.0,10.4387964939
1.47434349068e+12,3814690902.0,3796915729.27,135033129.368,10.5114823794,0.01715535,0.0159680163938,8386060.0,10.4387964939
1.47434349068e+12,3814690902.0,3796915729.27,135033129.368,10.5114823794,0.01715535,0.0159680163938,8386060.0,10.4387964939
1.47434350182e+12,3814690902.0,3796915729.27,134928396.362,10.5114823794,0.01715535,0.0159680163938,8387200.0,10.4307
1.47434350182e+12,3814690902.0,3796915729.27,134928396.362,10.5114823794,0.01715535,0.0159680163938,8387200.0,10.4307
1.47434350182e+12,3814690902.0,3796915729.27,134928396.362,10.5114823794,0.01715535,0.0159680163938,8387200.0,10.4307
1.47434350182e+12,3814690902.0,3796915729.27,134928396.362,10.5114823794,0.01715535,0.0159680163938,8387200.0,10.4307
1.47434350182e+12,3814690902.0,3796915729.27,134928396.362,10.5114823794,0.01715535,0.0159680163938,8387200.0,10.4307
1.47434350182e+12,3814690902.0,3796915729.27,134928396.362,10.5114823794,0.01715535,0.0159680163938,8387200.0,10.4307
1.47434351614e+12,3814690902.0,3796915729.27,135034388.274,10.5114823794,0.01715535,0.0159680163938,8387200.0,10.4388938142
1.47434351614e+12,3814690902.0,3796915729.27,135034388.274,10.5114823794,0.01715535,0.0159680163938,8387200.0,10.4388938142
1.47434351614e+12,3814690902.0,3796915729.27,135034388.274,10.5114823794,0.01715535,0.0159680163938,8387200.0,10.4388938142
1.47434361149e+12,3818797167.0,3796969108.16,134955299.226,10.5114823794,0.01715535,0.0159680163938,8387200.0,10.4327798
1.47434361149e+12,3818797167.0,3796969108.16,134955299.226,10.5114823794,0.01715535,0.0159680163938,8387200.0,10.4327798
1.47434361149e+12,3818797167.0,3796969108.16,134955299.226,10.5114823794,0.01715535,0.0159680163938,8387200.0,10.4327798
1.47434361149e+12,3818797167.0,3796969108.16,134955299.226,10.5114823794,0.01715535,0.0159706374393,8387200.0,10.4327798
1.47434361149e+12,3818797167.0,3796969108.16,134955299.226,10.5114823794,0.01715535,0.0159706374393,8387200.0,10.4327798
1.47434361149e+12,3818797167.0,3796969108.16,134955299.226,10.5114823794,0.01715535,0.0159706374393,8387200.0,10.4327798
1.47434362073e+12,3818797167.0,3796969108.16,134928396.362,10.5114823794,0.01715535,0.0159706374393,8387200.0,10.4307
1.47434362073e+12,3818797167.0,3796969108.16,134928396.362,10.5114823794,0.01715535,0.0159706374393,8387200.0,10.4307
1.47434362073e+12,3818797167.0,3796969108.16,134928396.362,10.5114823794,0.01715535,0.0159706374393,8387200.0,10.4307
1.47434362073e+12,3818797167.0,3796969108.16,134928396.362,10.5114823794,0.01715535,0.0159706374393,8387200.0,10.4307
1.47434362073e+12,3818797167.0,3796969108.16,134928396.362,10.5114823794,0.01715535,0.0159706374393,8387200.0,10.4307
1.47434362073e+12,3818797167.0,3796969108.16,134928396.362,10.5114823794,0.01715535,0.0159706374393,8387200.0,10.4307
1.47434364066e+12,3818797167.0,3796969108.16,135033444.094,10.5114823794,0.01715535,0.0159706374393,8387200.0,10.438820824
1.47434364066e+12,3818797167.0,3796969108.16,135033444.094,10.5114823794,0.01715535,0.0159706374393,8387200.0,10.438820824
1.47434364066e+12,3818797167.0,3796969108.16,135033444.094,10.5114823794,0.01715535,0.0159706374393,8387200.0,10.438820824
1.47434364066e+12,3818797167.0,3796969108.16,135033444.094,10.5114823794,0.01715535,0.0159706374393,8387200.0,10.438820824
1.47434364066e+12,3818797167.0,3796969108.16,135033444.094,10.5114823794,0.01715535,0.0159706374393,8387200.0,10.438820824
1.47434364066e+12,3818797167.0,3796969108.16,135033444.094,10.5114823794,0.01715535,0.0159706374393,8387200.0,10.438820824
1.47434364066e+12,3818797167.0,3796969108.16,135033444.094,10.5114823794,0.01715535,0.0159706374393,8387200.0,10.438820824
1.47434364066e+12,3818797167.0,3796969108.16,135033444.094,10.5114823794,0.01715535,0.0159706374393,8387200.0,10.438820824
1.47434364066e+12,3818797167.0,3796969108.16,135033444.094,10.5114823794,0.01715535,0.0159706374393,8387200.0,10.438820824
1.47434364066e+12,3818797167.0,3796969108.16,135033444.094,10.5114823794,0.01715535,0.0159706374393,8387200.0,10.438820824
1.47434364066e+12,3818797167.0,3796969108.16,135033444.094,10.5114823794,0.01715535,0.0159706374393,8387200.0,10.438820824
1.47434364066e+12,3818797167.0,3796969108.16,135033444.094,10.5114823794,0.01715535,0.0159706374393,8387200.0,10.438820824
1.47434365443e+12,3818797167.0,3796969108.16,135036355.315,10.5114823794,0.01715535,0.0159706374393,8387200.0,10.4390458772
1.47434366917e+12,3818797167.0,3796969108.16,135036355.315,10.5114823794,0.01715535,0.0159706374393,8387200.0,10.4390458772
1.47434366917e+12,3818797167.0,3796969108.16,135036355.315,10.5114823794,0.01715535,0.0159706374393,8387200.0,10.4390458772
1.47434366917e+12,3818797167.0,3796969108.16,135036355.315,10.5114823794,0.01715535,0.0159706374393,8387200.0,10.4390458772
1.47434366917e+12,3818797167.0,3796969108.16,135036355.315,10.5114823794,0.01715535,0.0159706374393,8387200.0,10.4390458772
1.47434366917e+12,3818797167.0,3796969108.16,135036355.315,10.5114823794,0.01715535,0.0159706374393,8387200.0,10.4390458772
1.47434366917e+12,3818797167.0,3796969108.16,135036355.315,10.5114823794,0.01715535,0.0159706374393,8387200.0,10.4390458772
1.47434366917e+12,3818797167.0,3796969108.16,135036355.315,10.5114823794,0.01715535,0.0159706374393,8387200.0,10.4390458772
1.47434368115e+12,3818797167.0,3796969108.16,134928396.362,10.5114823794,0.01715535,0.0159706374393,8387200.0,10.4307
1.47434368115e+12,3818797167.0,3796969108.16,134928396.362,10.5114823794,0.01715535,0.0159706374393,8387200.0,10.4307
1.47434368115e+12,3818797167.0,3796969108.16,134928396.362,10.5114823794,0.01715535,0.0159706374393,8387200.0,10.4307
1.47434368115e+12,3818797167.0,3796969108.16,134928396.362,10.5114823794,0.01715535,0.0159706374393,8387200.0,10.4307
1.47434368115e+12,3818797167.0,3796969108.16,134928396.362,10.5114823794,0.01715535,0.0159706374393,8387200.0,10.4307
1.47434368177e+12,3818797167.0,3796969108.16,134928396.362,10.5114823794,0.01715535,0.0159706374393,8387200.0,10.4307
1.47434368177e+12,3818797167.0,3796969108.16,134928396.362,10.5114823794,0.01715535,0.0159706374393,8387200.0,10.4307
1.47434368177e+12,3818797167.0,3796969108.16,134928396.362,10.5114823794,0.01715535,0.0159706374393,8387200.0,10.4307
1.47434368177e+12,3818797167.0,3796969108.16,134928396.362,10.5114823794,0.01715535,0.0159706374393,8387200.0,10.4307
1.47434368177e+12,3818797167.0,3796969108.16,134928396.362,10.5114823794,0.01715535,0.0159706374393,8387200.0,10.4307
1.47434371204e+12,3818797167.0,3796969108.16,135036355.315,10.5114823794,0.01715535,0.0159706374393,8387200.0,10.4390458772
1.47434371204e+12,3818797167.0,3796969108.16,135036355.315,10.5114823794,0.01715535,0.0159706374393,8387200.0,10.4390458772
1.47434371204e+12,3818797167.0,3796969108.16,135036355.315,10.5114823794,0.01715535,0.0159706374393,8387200.0,10.4390458772
1.47434371204e+12,3818797167.0,3796969108.16,135036355.315,10.5114823794,0.01715535,0.0159706374393,8387200.0,10.4390458772
1.47434371204e+12,3818797167.0,3796969108.16,135036355.315,10.5114823794,0.01715535,0.0159706374393,8387200.0,10.4390458772
1.47434371204e+12,3818797167.0,3796969108.16,135036355.315,10.5114823794,0.01715535,0.0159706374393,8387200.0,10.4390458772
1.47434371204e+12,3818797167.0,3796969108.16,135036355.315,10.5114823794,0.01715535,0.0159706374393,8387200.0,10.4390458772
1.47434371204e+12,3818797167.0,3796969108.16,135036355.315,10.5114823794,0.01715535,0.0159706374393,8387200.0,10.4390458772
1.47434372808e+12,3818797167.0,3796969108.16,135033444.094,10.5114823794,0.01715535,0.0159706374393,8387200.0,10.438820824
1.47434374061e+12,3818797167.0,3796969108.16,134928396.362,10.5114823794,0.01715535,0.0159706374393,8387200.0,10.4307
1.47434374061e+12,3818797167.0,3796969108.16,134928396.362,10.5114823794,0.01715535,0.0159706374393,8387200.0,10.4307
1.47434374061e+12,3818797167.0,3796969108.16,134928396.362,10.5114823794,0.01715535,0.0159706374393,8387200.0,10.4307
1.47434374061e+12,3818797167.0,3796969108.16,134928396.362,10.5114823794,0.01715535,0.0159706374393,8387200.0,10.4307
1.47434374061e+12,3818797167.0,3796969108.16,134928396.362,10.5114823794,0.01715535,0.0159706374393,8387200.0,10.4307
1.47434374061e+12,3818797167.0,3796969108.16,134928396.362,10.5114823794,0.01715535,0.0159706374393,8387200.0,10.4307
1.47434374061e+12,3818797167.0,3796969108.16,134928396.362,10.5114823794,0.01715535,0.0159706374393,8387200.0,10.4307
1.47434374061e+12,3818797167.0,3796969108.16,134928396.362,10.5114823794,0.01715535,0.0159706374393,8387200.0,10.4307
1.47434374061e+12,3818797167.0,3796969108.16,134928396.362,10.5114823794,0.01715535,0.0159706374393,8387200.0,10.4307
1.47434374054e+12,3818797167.0,3796969108.16,134928396.362,10.5114823794,0.01715535,0.0159706374393,8387200.0,10.4307
1.47434374054e+12,3818797167.0,3796969108.16,134928396.362,10.5114823794,0.01715535,0.0159706374393,8387200.0,10.4307
1.47434374054e+12,3818797167.0,3796969108.16,134928396.362,10.5114823794,0.01715535,0.0159706374393,8387200.0,10.4307
1.47434377511e+12,3818797167.0,3796969108.16,135036355.315,10.5114823794,0.01715535,0.0159732469383,8387200.0,10.4390458772
1.47434377511e+12,3818797167.0,3796969108.16,135036355.315,10.5114823794,0.01715535,0.0159732469383,8387200.0,10.4390458772
1.47434377511e+12,3818797167.0,3796969108.16,135036355.315,10.5114823794,0.01715535,0.0159732469383,8387200.0,10.4390458772
1.47434377511e+12,3818797167.0,3796969108.16,135036355.315,10.5114823794,0.01715535,0.0159732469383,8387200.0,10.4390458772
1.47434377511e+12,3818797167.0,3796969108.16,135036355.315,10.5114823794,0.01715535,0.0159732469383,8387200.0,10.4390458772
1.47434377511e+12,3818797167.0,3796969108.16,135036355.315,10.5114823794,0.01715535,0.0159732469383,8387200.0,10.4390458772
1.47434377511e+12,3818797167.0,3796969108.16,135036355.315,10.5114823794,0.01715535,0.0159732469383,8387200.0,10.4390458772
1.47434377511e+12,3818797167.0,3796969108.16,135036355.315,10.5114823794,0.01715535,0.0159732469383,8387200.0,10.4390458772
1.47434378982e+12,3818797167.0,3796969108.16,134585037.383,10.5114823794,0.01715535,0.0159732469383,8387200.0,10.4041565425
1.47434378982e+12,3818797167.0,3796969108.16,134585037.383,10.5114823794,0.01715535,0.0159732469383,8387200.0,10.4041565425
1.47434378982e+12,3818797167.0,3796969108.16,134585037.383,10.5114823794,0.01715535,0.0159732469383,8387200.0,10.4041565425
1.47434378982e+12,3818797167.0,3796969108.16,134585037.383,10.5114823794,0.01715535,0.0159732469383,8387200.0,10.4041565425
1.47434380191e+12,3818797167.0,3796969108.16,135025414.105,10.5114823794,0.01715535,0.0159732469383,8393120.0,10.4382
1.47434380191e+12,3818797167.0,3796969108.16,135025414.105,10.5114823794,0.01715535,0.0159732469383,8393120.0,10.4382
1.47434380191e+12,3818797167.0,3796969108.16,135025414.105,10.5114823794,0.01715535,0.0159732469383,8393120.0,10.4382
1.47434380191e+12,3818797167.0,3796969108.16,135025414.105,10.5114823794,0.01715535,0.0159732469383,8393120.0,10.4382
1.47434380191e+12,3818797167.0,3796969108.16,135025414.105,10.5114823794,0.01715535,0.0159732469383,8393120.0,10.4382
1.47434382102e+12,3818797167.0,3796969108.16,134996433.033,10.5114823794,0.01715535,0.0159732469383,8393120.0,10.4359596673
1.47434382102e+12,3818797167.0,3796969108.16,134996433.033,10.5114823794,0.01715535,0.0159732469383,8393120.0,10.4359596673
1.47434382102e+12,3818797167.0,3796969108.16,134996433.033,10.5114823794,0.01715535,0.0159732469383,8393120.0,10.4359596673
1.47434382102e+12,3818797167.0,3796969108.16,134996433.033,10.5114823794,0.01715535,0.0159732469383,8393120.0,10.4359596673
1.47434382102e+12,3818797167.0,3796969108.16,134996433.033,10.5114823794,0.01715535,0.0159732469383,8393120.0,10.4359596673
1.47434382102e+12,3818797167.0,3796969108.16,134996433.033,10.5114823794,0.01715535,0.0159732469383,8393120.0,10.4359596673
1.47434382102e+12,3818797167.0,3796969108.16,134996433.033,10.5114823794,0.01715535,0.0159732469383,8393120.0,10.4359596673
1.47434382102e+12,3818797167.0,3796969108.16,134996433.033,10.5114823794,0.01715535,0.0159732469383,8393120.0,10.4359596673
